instrument,timestamp_utc,open_price,high_price,low_price,close_price,record_timestamp_utc
BINANCE:BTCUSDT,2025-09-19 00:15:00+00:00,117069.13,117329.51,117069.13,117154.03,2025-09-20 17:53:42
BINANCE:BTCUSDT,2025-09-19 00:20:00+00:00,117154.04,117299.22,117154.03,117229.34,2025-09-20 17:53:42
BINANCE:BTCUSDT,2025-09-19 00:25:00+00:00,117229.34,117266.55,117209.6,117229.62,2025-09-20 17:53:42
BINANCE:BTCUSDT,2025-09-19 00:30:00+00:00,117229.62,117280.0,117215.09,117280.0,2025-09-20 17:53:42
BINANCE:BTCUSDT,2025-09-19 00:35:00+00:00,117279.99,117348.85,117279.99,117344.55,2025-09-20 17:53:42
BINANCE:BTCUSDT,2025-09-19 00:40:00+00:00,117344.55,117388.0,117310.04,117387.99,2025-09-20 17:53:42
BINANCE:BTCUSDT,2025-09-19 00:45:00+00:00,117387.99,117426.54,117342.88,117352.82,2025-09-20 17:53:42
BINANCE:BTCUSDT,2025-09-19 00:50:00+00:00,117352.82,117404.74,117333.61,117367.96,2025-09-20 17:53:42
BINANCE:BTCUSDT,2025-09-19 00:55:00+00:00,117367.96,117427.7,117367.12,117424.2,2025-09-20 17:53:42
BINANCE:BTCUSDT,2025-09-19 01:00:00+00:00,117424.21,117459.99,117382.49,117459.98,2025-09-20 17:53:42
BINANCE:BTCUSDT,2025-09-19 01:05:00+00:00,117459.99,117459.99,117312.41,117312.43,2025-09-20 17:53:42
BINANCE:BTCUSDT,2025-09-19 01:10:00+00:00,117312.43,117320.46,117256.94,117269.31,2025-09-20 17:53:42
BINANCE:BTCUSDT,2025-09-19 01:15:00+00:00,117269.31,117354.5,117221.48,117354.49,2025-09-20 17:53:42
BINANCE:BTCUSDT,2025-09-19 01:20:00+00:00,117354.49,117378.55,117299.21,117336.47,2025-09-20 17:53:42
BINANCE:BTCUSDT,2025-09-19 01:25:00+00:00,117336.46,117348.21,117299.21,117337.46,2025-09-20 17:53:42
BINANCE:BTCUSDT,2025-09-19 01:30:00+00:00,117337.47,117388.16,117271.02,117271.02,2025-09-20 17:53:42
BINANCE:BTCUSDT,2025-09-19 01:35:00+00:00,117271.03,117296.52,117241.67,117241.67,2025-09-20 17:53:42
BINANCE:BTCUSDT,2025-09-19 01:40:00+00:00,117241.67,117241.67,117132.16,117132.16,2025-09-20 17:53:42
BINANCE:BTCUSDT,2025-09-19 01:45:00+00:00,117132.16,117157.26,117118.21,117137.87,2025-09-20 17:53:42
BINANCE:BTCUSDT,2025-09-19 01:50:00+00:00,117137.88,117203.97,117137.87,117203.97,2025-09-20 17:53:42
BINANCE:BTCUSDT,2025-09-19 01:55:00+00:00,117203.96,117268.35,117192.75,117241.32,2025-09-20 17:53:42
BINANCE:BTCUSDT,2025-09-19 02:00:00+00:00,117241.32,117285.99,117186.27,117285.98,2025-09-20 17:53:42
BINANCE:BTCUSDT,2025-09-19 02:05:00+00:00,117285.99,117285.99,117174.13,117174.75,2025-09-20 17:53:42
BINANCE:BTCUSDT,2025-09-19 02:10:00+00:00,117174.76,117174.76,117044.13,117051.81,2025-09-20 17:53:42
BINANCE:BTCUSDT,2025-09-19 02:15:00+00:00,117051.81,117131.32,117051.81,117096.2,2025-09-20 17:53:42
BINANCE:BTCUSDT,2025-09-19 02:20:00+00:00,117096.19,117096.2,117049.67,117054.1,2025-09-20 17:53:42
BINANCE:BTCUSDT,2025-09-19 02:25:00+00:00,117054.09,117129.14,117045.07,117110.74,2025-09-20 17:53:42
BINANCE:BTCUSDT,2025-09-19 02:30:00+00:00,117110.75,117131.31,117055.22,117062.57,2025-09-20 17:53:42
BINANCE:BTCUSDT,2025-09-19 02:35:00+00:00,117062.58,117165.78,117062.58,117165.77,2025-09-20 17:53:42
BINANCE:BTCUSDT,2025-09-19 02:40:00+00:00,117165.78,117213.74,117090.18,117090.19,2025-09-20 17:53:42
BINANCE:BTCUSDT,2025-09-19 02:45:00+00:00,117090.19,117192.0,117090.19,117137.87,2025-09-20 17:53:42
BINANCE:BTCUSDT,2025-09-19 02:50:00+00:00,117137.86,117159.93,117100.18,117109.52,2025-09-20 17:53:42
BINANCE:BTCUSDT,2025-09-19 02:55:00+00:00,117109.52,117163.1,117100.19,117112.8,2025-09-20 17:53:42
BINANCE:BTCUSDT,2025-09-19 03:00:00+00:00,117112.81,117165.64,117112.81,117165.63,2025-09-20 17:53:42
BINANCE:BTCUSDT,2025-09-19 03:05:00+00:00,117165.64,117227.07,117165.64,117172.74,2025-09-20 17:53:42
BINANCE:BTCUSDT,2025-09-19 03:10:00+00:00,117172.73,117224.98,117172.73,117208.35,2025-09-20 17:53:42
BINANCE:BTCUSDT,2025-09-19 03:15:00+00:00,117208.36,117237.78,117181.65,117205.38,2025-09-20 17:53:42
BINANCE:BTCUSDT,2025-09-19 03:20:00+00:00,117205.38,117291.01,117205.38,117241.02,2025-09-20 17:53:42
BINANCE:BTCUSDT,2025-09-19 03:25:00+00:00,117241.01,117241.01,117070.82,117083.99,2025-09-20 17:53:42
BINANCE:BTCUSDT,2025-09-19 03:30:00+00:00,117084.0,117099.58,117005.66,117031.9,2025-09-20 17:53:42
BINANCE:BTCUSDT,2025-09-19 03:35:00+00:00,117031.9,117031.91,116940.35,116946.22,2025-09-20 17:53:42
BINANCE:BTCUSDT,2025-09-19 03:40:00+00:00,116946.21,116987.93,116890.98,116953.74,2025-09-20 17:53:42
BINANCE:BTCUSDT,2025-09-19 03:45:00+00:00,116953.74,116954.16,116893.12,116937.46,2025-09-20 17:53:42
BINANCE:BTCUSDT,2025-09-19 03:50:00+00:00,116937.45,116983.03,116871.61,116965.96,2025-09-20 17:53:42
BINANCE:BTCUSDT,2025-09-19 03:55:00+00:00,116965.96,116985.47,116921.81,116977.58,2025-09-20 17:53:42
BINANCE:BTCUSDT,2025-09-19 04:00:00+00:00,116977.58,116977.58,116706.81,116731.99,2025-09-20 17:53:42
BINANCE:BTCUSDT,2025-09-19 04:05:00+00:00,116732.0,116806.5,116719.42,116794.54,2025-09-20 17:53:42
BINANCE:BTCUSDT,2025-09-19 04:10:00+00:00,116794.54,116794.55,116700.02,116775.72,2025-09-20 17:53:42
BINANCE:BTCUSDT,2025-09-19 04:15:00+00:00,116775.73,116887.55,116775.72,116833.51,2025-09-20 17:53:42
BINANCE:BTCUSDT,2025-09-19 04:20:00+00:00,116833.52,116979.86,116822.49,116975.4,2025-09-20 17:53:42
BINANCE:BTCUSDT,2025-09-19 04:25:00+00:00,116975.41,117034.18,116970.84,116996.0,2025-09-20 17:53:42
BINANCE:BTCUSDT,2025-09-19 04:30:00+00:00,116996.0,116996.0,116971.22,116988.95,2025-09-20 17:53:42
BINANCE:BTCUSDT,2025-09-19 04:35:00+00:00,116988.95,117100.0,116988.95,117069.17,2025-09-20 17:53:42
BINANCE:BTCUSDT,2025-09-19 04:40:00+00:00,117069.18,117069.18,116933.8,117001.8,2025-09-20 17:53:42
BINANCE:BTCUSDT,2025-09-19 04:45:00+00:00,117001.81,117022.33,116988.39,116998.2,2025-09-20 17:53:42
BINANCE:BTCUSDT,2025-09-19 04:50:00+00:00,116998.21,116998.21,116945.42,116988.26,2025-09-20 17:53:42
BINANCE:BTCUSDT,2025-09-19 04:55:00+00:00,116988.25,117036.06,116979.86,116990.65,2025-09-20 17:53:42
BINANCE:BTCUSDT,2025-09-19 05:00:00+00:00,116990.65,116990.66,116902.64,116930.49,2025-09-20 17:53:42
BINANCE:BTCUSDT,2025-09-19 05:05:00+00:00,116930.49,116950.37,116915.38,116915.38,2025-09-20 17:53:42
BINANCE:BTCUSDT,2025-09-19 05:10:00+00:00,116915.38,116996.04,116892.8,116980.62,2025-09-20 17:53:42
BINANCE:BTCUSDT,2025-09-19 05:15:00+00:00,116980.63,116998.11,116926.01,116998.1,2025-09-20 17:53:42
BINANCE:BTCUSDT,2025-09-19 05:20:00+00:00,116998.11,117010.0,116910.85,116910.85,2025-09-20 17:53:42
BINANCE:BTCUSDT,2025-09-19 05:25:00+00:00,116910.85,116910.86,116833.85,116849.76,2025-09-20 17:53:42
BINANCE:BTCUSDT,2025-09-19 05:30:00+00:00,116849.76,116875.08,116780.75,116851.5,2025-09-20 17:53:42
BINANCE:BTCUSDT,2025-09-19 05:35:00+00:00,116851.5,116880.0,116823.11,116880.0,2025-09-20 17:53:42
BINANCE:BTCUSDT,2025-09-19 05:40:00+00:00,116880.0,116914.53,116863.77,116868.92,2025-09-20 17:53:42
BINANCE:BTCUSDT,2025-09-19 05:45:00+00:00,116868.92,116903.42,116868.91,116882.66,2025-09-20 17:53:42
BINANCE:BTCUSDT,2025-09-19 05:50:00+00:00,116882.67,116917.85,116882.66,116917.84,2025-09-20 17:53:42
BINANCE:BTCUSDT,2025-09-19 05:55:00+00:00,116917.84,116917.89,116894.82,116894.83,2025-09-20 17:53:42
BINANCE:BTCUSDT,2025-09-19 06:00:00+00:00,116894.83,116894.83,116786.28,116822.06,2025-09-20 17:53:42
BINANCE:BTCUSDT,2025-09-19 06:05:00+00:00,116822.06,116822.06,116789.91,116789.92,2025-09-20 17:53:42
BINANCE:BTCUSDT,2025-09-19 06:10:00+00:00,116789.92,116789.92,116770.62,116783.06,2025-09-20 17:53:42
BINANCE:BTCUSDT,2025-09-19 06:15:00+00:00,116783.07,116863.68,116772.28,116855.36,2025-09-20 17:53:42
BINANCE:BTCUSDT,2025-09-19 06:20:00+00:00,116855.37,116855.37,116756.92,116816.49,2025-09-20 17:53:42
BINANCE:BTCUSDT,2025-09-19 06:25:00+00:00,116816.5,116816.5,116755.69,116792.25,2025-09-20 17:53:42
BINANCE:BTCUSDT,2025-09-19 06:30:00+00:00,116792.25,116801.06,116680.2,116680.2,2025-09-20 17:53:42
BINANCE:BTCUSDT,2025-09-19 06:35:00+00:00,116680.21,116754.73,116633.86,116709.21,2025-09-20 17:53:42
BINANCE:BTCUSDT,2025-09-19 06:40:00+00:00,116709.21,116766.95,116704.67,116745.27,2025-09-20 17:53:42
BINANCE:BTCUSDT,2025-09-19 06:45:00+00:00,116745.27,116783.1,116683.98,116683.99,2025-09-20 17:53:42
BINANCE:BTCUSDT,2025-09-19 06:50:00+00:00,116683.98,116814.63,116668.02,116814.62,2025-09-20 17:53:42
BINANCE:BTCUSDT,2025-09-19 06:55:00+00:00,116814.62,116814.63,116669.75,116669.75,2025-09-20 17:53:42
BINANCE:BTCUSDT,2025-09-19 07:00:00+00:00,116669.76,116829.34,116669.75,116717.55,2025-09-20 17:53:42
BINANCE:BTCUSDT,2025-09-19 07:05:00+00:00,116717.55,116806.21,116665.0,116737.15,2025-09-20 17:53:42
BINANCE:BTCUSDT,2025-09-19 07:10:00+00:00,116737.15,116838.83,116737.14,116797.67,2025-09-20 17:53:42
BINANCE:BTCUSDT,2025-09-19 07:15:00+00:00,116797.67,116859.65,116797.66,116858.28,2025-09-20 17:53:42
BINANCE:BTCUSDT,2025-09-19 07:20:00+00:00,116858.29,116887.66,116849.18,116869.99,2025-09-20 17:53:42
BINANCE:BTCUSDT,2025-09-19 07:25:00+00:00,116869.99,116873.53,116791.53,116865.22,2025-09-20 17:53:42
BINANCE:BTCUSDT,2025-09-19 07:30:00+00:00,116865.22,116865.23,116834.69,116858.19,2025-09-20 17:53:42
BINANCE:BTCUSDT,2025-09-19 07:35:00+00:00,116858.19,116992.81,116858.19,116962.65,2025-09-20 17:53:42
BINANCE:BTCUSDT,2025-09-19 07:40:00+00:00,116962.65,116987.78,116921.97,116970.29,2025-09-20 17:53:42
BINANCE:BTCUSDT,2025-09-19 07:45:00+00:00,116970.29,116970.29,116940.21,116940.22,2025-09-20 17:53:42
BINANCE:BTCUSDT,2025-09-19 07:50:00+00:00,116940.22,116940.22,116914.49,116926.18,2025-09-20 17:53:42
BINANCE:BTCUSDT,2025-09-19 07:55:00+00:00,116926.19,116930.4,116903.75,116909.97,2025-09-20 17:53:42
BINANCE:BTCUSDT,2025-09-19 08:00:00+00:00,116909.98,116926.84,116882.47,116889.64,2025-09-20 17:53:42
BINANCE:BTCUSDT,2025-09-19 08:05:00+00:00,116889.64,117005.63,116889.63,117005.62,2025-09-20 17:53:42
BINANCE:BTCUSDT,2025-09-19 08:10:00+00:00,117005.63,117005.63,116966.81,116987.29,2025-09-20 17:53:42
BINANCE:BTCUSDT,2025-09-19 08:15:00+00:00,116987.3,117090.36,116987.29,117090.35,2025-09-20 17:53:42
BINANCE:BTCUSDT,2025-09-19 08:20:00+00:00,117090.35,117090.36,117055.23,117088.25,2025-09-20 17:53:42
BINANCE:BTCUSDT,2025-09-19 08:25:00+00:00,117088.25,117088.25,117042.84,117084.28,2025-09-20 17:53:42
BINANCE:BTCUSDT,2025-09-19 08:30:00+00:00,117084.28,117084.29,117000.01,117014.09,2025-09-20 17:53:42
BINANCE:BTCUSDT,2025-09-19 08:35:00+00:00,117014.09,117014.1,116992.02,116992.03,2025-09-20 17:53:42
BINANCE:BTCUSDT,2025-09-19 08:40:00+00:00,116992.03,116992.03,116902.9,116936.26,2025-09-20 17:53:42
BINANCE:BTCUSDT,2025-09-19 08:45:00+00:00,116936.26,116936.27,116916.65,116928.94,2025-09-20 17:53:42
BINANCE:BTCUSDT,2025-09-19 08:50:00+00:00,116928.94,116961.93,116919.25,116922.22,2025-09-20 17:53:42
BINANCE:BTCUSDT,2025-09-19 08:55:00+00:00,116922.21,116922.22,116915.88,116915.88,2025-09-20 17:53:42
BINANCE:BTCUSDT,2025-09-19 09:00:00+00:00,116915.88,116935.94,116899.35,116914.06,2025-09-20 17:53:42
BINANCE:BTCUSDT,2025-09-19 09:05:00+00:00,116914.06,116919.48,116869.0,116919.47,2025-09-20 17:53:42
BINANCE:BTCUSDT,2025-09-19 09:10:00+00:00,116919.47,116979.86,116919.47,116973.68,2025-09-20 17:53:42
BINANCE:BTCUSDT,2025-09-19 09:15:00+00:00,116973.68,116973.68,116919.47,116919.48,2025-09-20 17:53:42
BINANCE:BTCUSDT,2025-09-19 09:20:00+00:00,116919.48,116919.48,116886.88,116886.89,2025-09-20 17:53:42
BINANCE:BTCUSDT,2025-09-19 09:25:00+00:00,116886.88,116886.89,116780.8,116825.19,2025-09-20 17:53:42
BINANCE:BTCUSDT,2025-09-19 09:30:00+00:00,116825.2,116881.6,116825.19,116881.59,2025-09-20 17:53:42
BINANCE:BTCUSDT,2025-09-19 09:35:00+00:00,116881.6,116881.6,116830.35,116830.36,2025-09-20 17:53:42
BINANCE:BTCUSDT,2025-09-19 09:40:00+00:00,116830.36,116830.36,116712.3,116712.3,2025-09-20 17:53:42
BINANCE:BTCUSDT,2025-09-19 09:45:00+00:00,116712.3,116726.78,116571.95,116637.33,2025-09-20 17:53:42
BINANCE:BTCUSDT,2025-09-19 09:50:00+00:00,116637.33,116637.33,116493.72,116500.9,2025-09-20 17:53:42
BINANCE:BTCUSDT,2025-09-19 09:55:00+00:00,116500.9,116530.05,116488.0,116488.0,2025-09-20 17:53:42
BINANCE:BTCUSDT,2025-09-19 10:00:00+00:00,116488.0,116503.29,116447.59,116447.74,2025-09-20 17:53:42
BINANCE:BTCUSDT,2025-09-19 10:05:00+00:00,116447.75,116498.71,116434.23,116466.97,2025-09-20 17:53:42
BINANCE:BTCUSDT,2025-09-19 10:10:00+00:00,116466.97,116551.54,116466.97,116525.83,2025-09-20 17:53:42
BINANCE:BTCUSDT,2025-09-19 10:15:00+00:00,116525.83,116529.88,116448.25,116448.25,2025-09-20 17:53:42
BINANCE:BTCUSDT,2025-09-19 10:20:00+00:00,116448.25,116520.29,116447.59,116462.46,2025-09-20 17:53:42
BINANCE:BTCUSDT,2025-09-19 10:25:00+00:00,116462.46,116527.17,116462.44,116483.48,2025-09-20 17:53:42
BINANCE:BTCUSDT,2025-09-19 10:30:00+00:00,116483.47,116488.63,116447.59,116478.25,2025-09-20 17:53:42
BINANCE:BTCUSDT,2025-09-19 10:35:00+00:00,116478.25,116536.25,116464.27,116480.72,2025-09-20 17:53:42
BINANCE:BTCUSDT,2025-09-19 10:40:00+00:00,116480.71,116532.96,116479.99,116524.79,2025-09-20 17:53:42
BINANCE:BTCUSDT,2025-09-19 10:45:00+00:00,116524.8,116531.31,116487.02,116504.49,2025-09-20 17:53:42
BINANCE:BTCUSDT,2025-09-19 10:50:00+00:00,116504.49,116523.35,116491.7,116523.35,2025-09-20 17:53:42
BINANCE:BTCUSDT,2025-09-19 10:55:00+00:00,116523.35,116547.99,116503.4,116532.68,2025-09-20 17:53:42
BINANCE:BTCUSDT,2025-09-19 11:00:00+00:00,116532.68,116554.05,116500.0,116546.73,2025-09-20 17:53:42
BINANCE:BTCUSDT,2025-09-19 11:05:00+00:00,116546.72,116546.73,116431.34,116450.49,2025-09-20 17:53:42
BINANCE:BTCUSDT,2025-09-19 11:10:00+00:00,116450.49,116482.19,116429.03,116462.31,2025-09-20 17:53:42
BINANCE:BTCUSDT,2025-09-19 11:15:00+00:00,116462.3,116528.03,116425.48,116425.68,2025-09-20 17:53:42
BINANCE:BTCUSDT,2025-09-19 11:20:00+00:00,116425.68,116425.68,116370.42,116380.01,2025-09-20 17:53:42
BINANCE:BTCUSDT,2025-09-19 11:25:00+00:00,116380.0,116392.61,116364.0,116364.0,2025-09-20 17:53:42
BINANCE:BTCUSDT,2025-09-19 11:30:00+00:00,116364.0,116396.2,116358.37,116396.2,2025-09-20 17:53:42
BINANCE:BTCUSDT,2025-09-19 11:35:00+00:00,116396.2,116400.0,116376.63,116376.64,2025-09-20 17:53:42
BINANCE:BTCUSDT,2025-09-19 11:40:00+00:00,116376.64,116376.64,116336.86,116350.0,2025-09-20 17:53:42
BINANCE:BTCUSDT,2025-09-19 11:45:00+00:00,116349.99,116350.0,116300.0,116310.0,2025-09-20 17:53:42
BINANCE:BTCUSDT,2025-09-19 11:50:00+00:00,116310.0,116377.19,116307.34,116377.18,2025-09-20 17:53:42
BINANCE:BTCUSDT,2025-09-19 11:55:00+00:00,116377.19,116399.8,116363.89,116394.72,2025-09-20 17:53:42
BINANCE:BTCUSDT,2025-09-19 12:00:00+00:00,116394.72,116419.39,116380.0,116419.39,2025-09-20 17:53:42
BINANCE:BTCUSDT,2025-09-19 12:05:00+00:00,116419.38,116470.3,116419.38,116470.3,2025-09-20 17:53:42
BINANCE:BTCUSDT,2025-09-19 12:10:00+00:00,116470.29,116470.3,116422.0,116469.83,2025-09-20 17:53:42
BINANCE:BTCUSDT,2025-09-19 12:15:00+00:00,116469.84,116529.08,116465.29,116509.89,2025-09-20 17:53:42
BINANCE:BTCUSDT,2025-09-19 12:20:00+00:00,116509.87,116509.87,116352.84,116384.17,2025-09-20 17:53:42
BINANCE:BTCUSDT,2025-09-19 12:25:00+00:00,116384.16,116384.17,116200.0,116231.47,2025-09-20 17:53:42
BINANCE:BTCUSDT,2025-09-19 12:30:00+00:00,116231.47,116287.17,116186.63,116206.33,2025-09-20 17:53:42
BINANCE:BTCUSDT,2025-09-19 12:35:00+00:00,116206.32,116241.3,116180.69,116232.47,2025-09-20 17:53:42
BINANCE:BTCUSDT,2025-09-19 12:40:00+00:00,116232.48,116239.99,116223.45,116223.45,2025-09-20 17:53:42
BINANCE:BTCUSDT,2025-09-19 12:45:00+00:00,116223.45,116223.46,116133.66,116141.73,2025-09-20 17:53:42
BINANCE:BTCUSDT,2025-09-19 12:50:00+00:00,116141.73,116183.95,116133.66,116178.31,2025-09-20 17:53:42
BINANCE:BTCUSDT,2025-09-19 12:55:00+00:00,116178.31,116234.37,116153.53,116162.45,2025-09-20 17:53:42
BINANCE:BTCUSDT,2025-09-19 13:00:00+00:00,116162.45,116222.43,116142.3,116222.43,2025-09-20 17:53:42
BINANCE:BTCUSDT,2025-09-19 13:05:00+00:00,116222.43,116222.43,116130.61,116130.61,2025-09-20 17:53:42
BINANCE:BTCUSDT,2025-09-19 13:10:00+00:00,116130.61,116173.13,116122.63,116144.73,2025-09-20 17:53:42
BINANCE:BTCUSDT,2025-09-19 13:15:00+00:00,116144.73,116144.73,116080.91,116080.91,2025-09-20 17:53:42
BINANCE:BTCUSDT,2025-09-19 13:20:00+00:00,116080.92,116097.79,116075.0,116097.79,2025-09-20 17:53:42
BINANCE:BTCUSDT,2025-09-19 13:25:00+00:00,116097.79,116350.01,116097.79,116212.0,2025-09-20 17:53:42
BINANCE:BTCUSDT,2025-09-19 13:30:00+00:00,116212.0,116293.69,116105.49,116167.17,2025-09-20 17:53:42
BINANCE:BTCUSDT,2025-09-19 13:35:00+00:00,116167.17,116256.0,116119.15,116239.34,2025-09-20 17:53:42
BINANCE:BTCUSDT,2025-09-19 13:40:00+00:00,116239.35,116352.56,116217.49,116272.81,2025-09-20 17:53:42
BINANCE:BTCUSDT,2025-09-19 13:45:00+00:00,116272.81,116465.35,116234.86,116426.91,2025-09-20 17:53:42
BINANCE:BTCUSDT,2025-09-19 13:50:00+00:00,116426.9,116464.22,116365.55,116421.66,2025-09-20 17:53:42
BINANCE:BTCUSDT,2025-09-19 13:55:00+00:00,116421.67,116421.67,116253.39,116284.64,2025-09-20 17:53:42
BINANCE:BTCUSDT,2025-09-19 14:00:00+00:00,116284.63,116379.99,116253.31,116379.99,2025-09-20 17:53:42
BINANCE:BTCUSDT,2025-09-19 14:05:00+00:00,116379.99,116389.17,116275.26,116275.27,2025-09-20 17:53:42
BINANCE:BTCUSDT,2025-09-19 14:10:00+00:00,116275.26,116347.61,116221.22,116310.24,2025-09-20 17:53:42
BINANCE:BTCUSDT,2025-09-19 14:15:00+00:00,116310.25,116359.99,116216.84,116216.85,2025-09-20 17:53:42
BINANCE:BTCUSDT,2025-09-19 14:20:00+00:00,116216.85,116376.03,116210.74,116371.59,2025-09-20 17:53:42
BINANCE:BTCUSDT,2025-09-19 14:25:00+00:00,116371.59,116479.11,116265.3,116265.3,2025-09-20 17:53:42
BINANCE:BTCUSDT,2025-09-19 14:30:00+00:00,116265.3,116346.82,116250.0,116289.0,2025-09-20 17:53:42
BINANCE:BTCUSDT,2025-09-19 14:35:00+00:00,116289.01,116289.01,116160.67,116171.36,2025-09-20 17:53:42
BINANCE:BTCUSDT,2025-09-19 14:40:00+00:00,116171.36,116244.94,116113.2,116113.2,2025-09-20 17:53:42
BINANCE:BTCUSDT,2025-09-19 14:45:00+00:00,116113.2,116159.99,115833.2,115889.99,2025-09-20 17:53:42
BINANCE:BTCUSDT,2025-09-19 14:50:00+00:00,115890.0,116017.23,115800.0,115931.63,2025-09-20 17:53:42
BINANCE:BTCUSDT,2025-09-19 14:55:00+00:00,115931.63,115959.5,115848.45,115899.99,2025-09-20 17:53:42
BINANCE:BTCUSDT,2025-09-19 15:00:00+00:00,115899.99,115900.0,115650.33,115650.34,2025-09-20 17:53:42
BINANCE:BTCUSDT,2025-09-19 15:05:00+00:00,115650.34,115664.13,115566.07,115641.59,2025-09-20 17:53:42
BINANCE:BTCUSDT,2025-09-19 15:10:00+00:00,115641.59,115653.26,115464.19,115519.82,2025-09-20 17:53:42
BINANCE:BTCUSDT,2025-09-19 15:15:00+00:00,115519.81,115593.19,115498.85,115560.74,2025-09-20 17:53:42
BINANCE:BTCUSDT,2025-09-19 15:20:00+00:00,115560.74,115734.37,115542.0,115734.36,2025-09-20 17:53:42
BINANCE:BTCUSDT,2025-09-19 15:25:00+00:00,115734.36,115800.0,115644.0,115800.0,2025-09-20 17:53:42
BINANCE:BTCUSDT,2025-09-19 15:30:00+00:00,115800.0,115800.0,115640.0,115673.4,2025-09-20 17:53:42
BINANCE:BTCUSDT,2025-09-19 15:35:00+00:00,115673.41,115838.85,115646.51,115813.03,2025-09-20 17:53:42
BINANCE:BTCUSDT,2025-09-19 15:40:00+00:00,115813.03,115952.95,115813.03,115914.36,2025-09-20 17:53:42
BINANCE:BTCUSDT,2025-09-19 15:45:00+00:00,115914.36,115939.05,115826.54,115840.78,2025-09-20 17:53:42
BINANCE:BTCUSDT,2025-09-19 15:50:00+00:00,115840.79,115899.4,115809.73,115899.4,2025-09-20 17:53:42
BINANCE:BTCUSDT,2025-09-19 15:55:00+00:00,115899.39,115927.97,115840.0,115884.03,2025-09-20 17:53:42
BINANCE:BTCUSDT,2025-09-19 16:00:00+00:00,115884.03,115990.46,115800.0,115920.01,2025-09-20 17:53:42
BINANCE:BTCUSDT,2025-09-19 16:05:00+00:00,115920.01,115988.54,115899.04,115988.53,2025-09-20 17:53:42
BINANCE:BTCUSDT,2025-09-19 16:10:00+00:00,115988.54,116000.0,115920.02,115972.92,2025-09-20 17:53:42
BINANCE:BTCUSDT,2025-09-19 16:15:00+00:00,115972.93,116041.03,115959.74,115966.33,2025-09-20 17:53:42
BINANCE:BTCUSDT,2025-09-19 16:20:00+00:00,115966.32,115992.65,115928.81,115987.4,2025-09-20 17:53:42
BINANCE:BTCUSDT,2025-09-19 16:25:00+00:00,115987.41,116001.73,115953.66,115962.12,2025-09-20 17:53:42
BINANCE:BTCUSDT,2025-09-19 16:30:00+00:00,115962.12,115962.12,115854.33,115922.26,2025-09-20 17:53:42
BINANCE:BTCUSDT,2025-09-19 16:35:00+00:00,115922.26,115969.04,115864.53,115864.53,2025-09-20 17:53:42
BINANCE:BTCUSDT,2025-09-19 16:40:00+00:00,115864.54,115996.31,115864.53,115996.31,2025-09-20 17:53:42
BINANCE:BTCUSDT,2025-09-19 16:45:00+00:00,115996.3,116136.0,115996.3,116110.29,2025-09-20 17:53:42
BINANCE:BTCUSDT,2025-09-19 16:50:00+00:00,116110.29,116110.29,116086.99,116087.0,2025-09-20 17:53:42
BINANCE:BTCUSDT,2025-09-19 16:55:00+00:00,116087.0,116093.58,116055.43,116088.68,2025-09-20 17:53:42
BINANCE:BTCUSDT,2025-09-19 17:00:00+00:00,116088.68,116093.18,115947.9,115947.9,2025-09-20 17:53:42
BINANCE:BTCUSDT,2025-09-19 17:05:00+00:00,115947.91,115947.91,115822.87,115822.87,2025-09-20 17:53:42
BINANCE:BTCUSDT,2025-09-19 17:10:00+00:00,115822.87,115858.97,115800.26,115810.11,2025-09-20 17:53:42
BINANCE:BTCUSDT,2025-09-19 17:15:00+00:00,115810.11,115829.29,115723.75,115770.09,2025-09-20 17:53:42
BINANCE:BTCUSDT,2025-09-19 17:20:00+00:00,115770.08,115800.0,115720.47,115738.29,2025-09-20 17:53:42
BINANCE:BTCUSDT,2025-09-19 17:25:00+00:00,115738.29,115790.67,115737.83,115790.66,2025-09-20 17:53:42
BINANCE:BTCUSDT,2025-09-19 17:30:00+00:00,115790.66,115790.67,115671.29,115673.24,2025-09-20 17:53:42
BINANCE:BTCUSDT,2025-09-19 17:35:00+00:00,115673.23,115748.97,115599.0,115620.49,2025-09-20 17:53:42
BINANCE:BTCUSDT,2025-09-19 17:40:00+00:00,115620.49,115684.41,115609.33,115626.8,2025-09-20 17:53:42
BINANCE:BTCUSDT,2025-09-19 17:45:00+00:00,115626.8,115699.84,115620.0,115657.35,2025-09-20 17:53:42
BINANCE:BTCUSDT,2025-09-19 17:50:00+00:00,115657.35,115657.36,115575.38,115575.39,2025-09-20 17:53:42
BINANCE:BTCUSDT,2025-09-19 17:55:00+00:00,115575.38,115598.34,115538.67,115542.73,2025-09-20 17:53:42
BINANCE:BTCUSDT,2025-09-19 18:00:00+00:00,115542.73,115597.36,115538.79,115555.03,2025-09-20 17:53:42
BINANCE:BTCUSDT,2025-09-19 18:05:00+00:00,115555.02,115599.57,115545.77,115575.38,2025-09-20 17:53:42
BINANCE:BTCUSDT,2025-09-19 18:10:00+00:00,115575.38,115575.39,115426.17,115487.29,2025-09-20 17:53:42
BINANCE:BTCUSDT,2025-09-19 18:15:00+00:00,115487.3,115492.32,115394.15,115420.81,2025-09-20 17:53:42
BINANCE:BTCUSDT,2025-09-19 18:20:00+00:00,115420.82,115467.06,115394.16,115440.0,2025-09-20 17:53:42
BINANCE:BTCUSDT,2025-09-19 18:25:00+00:00,115439.99,115447.57,115422.8,115423.18,2025-09-20 17:53:42
BINANCE:BTCUSDT,2025-09-19 18:30:00+00:00,115423.18,115499.22,115402.51,115473.54,2025-09-20 17:53:42
BINANCE:BTCUSDT,2025-09-19 18:35:00+00:00,115473.54,115509.67,115442.8,115474.87,2025-09-20 17:53:42
BINANCE:BTCUSDT,2025-09-19 18:40:00+00:00,115474.86,115616.01,115474.86,115596.29,2025-09-20 17:53:42
BINANCE:BTCUSDT,2025-09-19 18:45:00+00:00,115596.3,115644.73,115440.0,115440.0,2025-09-20 17:53:42
BINANCE:BTCUSDT,2025-09-19 18:50:00+00:00,115440.0,115456.64,115400.19,115407.48,2025-09-20 17:53:42
BINANCE:BTCUSDT,2025-09-19 18:55:00+00:00,115407.49,115407.49,115382.98,115407.49,2025-09-20 17:53:42
BINANCE:BTCUSDT,2025-09-19 19:00:00+00:00,115407.49,115479.45,115390.75,115390.75,2025-09-20 17:53:42
BINANCE:BTCUSDT,2025-09-19 19:05:00+00:00,115390.75,115399.99,115300.0,115316.91,2025-09-20 17:53:42
BINANCE:BTCUSDT,2025-09-19 19:10:00+00:00,115316.91,115328.45,115280.0,115298.3,2025-09-20 17:53:42
BINANCE:BTCUSDT,2025-09-19 19:15:00+00:00,115298.29,115325.57,115291.17,115291.18,2025-09-20 17:53:42
BINANCE:BTCUSDT,2025-09-19 19:20:00+00:00,115291.18,115302.0,115291.17,115302.0,2025-09-20 17:53:42
BINANCE:BTCUSDT,2025-09-19 19:25:00+00:00,115301.99,115400.01,115301.99,115360.15,2025-09-20 17:53:42
BINANCE:BTCUSDT,2025-09-19 19:30:00+00:00,115360.15,115360.15,115261.98,115261.98,2025-09-20 17:53:42
BINANCE:BTCUSDT,2025-09-19 19:35:00+00:00,115261.99,115395.03,115261.98,115360.41,2025-09-20 17:53:42
BINANCE:BTCUSDT,2025-09-19 19:40:00+00:00,115360.41,115360.41,115200.0,115200.0,2025-09-20 17:53:42
BINANCE:BTCUSDT,2025-09-19 19:45:00+00:00,115200.0,115200.01,115141.6,115141.61,2025-09-20 17:53:42
BINANCE:BTCUSDT,2025-09-19 19:50:00+00:00,115141.61,115172.99,115139.99,115141.63,2025-09-20 17:53:42
BINANCE:BTCUSDT,2025-09-19 19:55:00+00:00,115141.62,115179.7,115112.58,115125.12,2025-09-20 17:53:42
BINANCE:BTCUSDT,2025-09-19 20:00:00+00:00,115125.13,115295.91,115100.0,115295.91,2025-09-20 17:53:42
BINANCE:BTCUSDT,2025-09-19 20:05:00+00:00,115295.9,115295.91,115220.3,115259.99,2025-09-20 17:53:42
BINANCE:BTCUSDT,2025-09-19 20:10:00+00:00,115259.99,115340.86,115259.99,115313.01,2025-09-20 17:53:42
BINANCE:BTCUSDT,2025-09-19 20:15:00+00:00,115313.0,115360.0,115300.0,115338.39,2025-09-20 17:53:42
BINANCE:BTCUSDT,2025-09-19 20:20:00+00:00,115338.39,115360.01,115314.08,115360.0,2025-09-20 17:53:42
BINANCE:BTCUSDT,2025-09-19 20:25:00+00:00,115360.01,115432.7,115360.0,115388.44,2025-09-20 17:53:42
BINANCE:BTCUSDT,2025-09-19 20:30:00+00:00,115388.44,115392.09,115309.2,115344.48,2025-09-20 17:53:42
BINANCE:BTCUSDT,2025-09-19 20:35:00+00:00,115344.48,115384.67,115344.48,115375.65,2025-09-20 17:53:42
BINANCE:BTCUSDT,2025-09-19 20:40:00+00:00,115375.65,115427.65,115375.65,115403.83,2025-09-20 17:53:42
BINANCE:BTCUSDT,2025-09-19 20:45:00+00:00,115403.83,115445.23,115336.74,115336.74,2025-09-20 17:53:42
BINANCE:BTCUSDT,2025-09-19 20:50:00+00:00,115336.75,115336.75,115289.59,115307.98,2025-09-20 17:53:42
BINANCE:BTCUSDT,2025-09-19 20:55:00+00:00,115307.99,115342.57,115282.44,115342.57,2025-09-20 17:53:42
BINANCE:BTCUSDT,2025-09-19 21:00:00+00:00,115342.56,115422.83,115320.0,115320.0,2025-09-20 17:53:42
BINANCE:BTCUSDT,2025-09-19 21:05:00+00:00,115320.01,115320.01,115306.07,115306.07,2025-09-20 17:53:42
BINANCE:BTCUSDT,2025-09-19 21:10:00+00:00,115306.07,115388.2,115306.07,115388.2,2025-09-20 17:53:42
BINANCE:BTCUSDT,2025-09-19 21:15:00+00:00,115388.2,115448.0,115388.19,115420.01,2025-09-20 17:53:42
BINANCE:BTCUSDT,2025-09-19 21:20:00+00:00,115420.01,115430.68,115396.78,115430.67,2025-09-20 17:53:42
BINANCE:BTCUSDT,2025-09-19 21:25:00+00:00,115430.67,115430.68,115409.15,115418.27,2025-09-20 17:53:42
BINANCE:BTCUSDT,2025-09-19 21:30:00+00:00,115418.27,115439.7,115418.26,115439.7,2025-09-20 17:53:42
BINANCE:BTCUSDT,2025-09-19 21:35:00+00:00,115439.7,115481.53,115439.69,115481.53,2025-09-20 17:53:42
BINANCE:BTCUSDT,2025-09-19 21:40:00+00:00,115481.53,115490.47,115464.0,115464.0,2025-09-20 17:53:42
BINANCE:BTCUSDT,2025-09-19 21:45:00+00:00,115464.01,115532.73,115464.0,115490.01,2025-09-20 17:53:42
BINANCE:BTCUSDT,2025-09-19 21:50:00+00:00,115490.02,115490.02,115443.24,115443.24,2025-09-20 17:53:42
BINANCE:BTCUSDT,2025-09-19 21:55:00+00:00,115443.24,115465.4,115431.03,115465.39,2025-09-20 17:53:42
BINANCE:BTCUSDT,2025-09-19 22:00:00+00:00,115465.39,115535.66,115465.39,115517.46,2025-09-20 17:53:42
BINANCE:BTCUSDT,2025-09-19 22:05:00+00:00,115517.47,115591.3,115517.46,115585.23,2025-09-20 17:53:42
BINANCE:BTCUSDT,2025-09-19 22:10:00+00:00,115585.22,115607.32,115545.24,115607.32,2025-09-20 17:53:42
BINANCE:BTCUSDT,2025-09-19 22:15:00+00:00,115607.32,115610.31,115564.32,115579.99,2025-09-20 17:53:42
BINANCE:BTCUSDT,2025-09-19 22:20:00+00:00,115580.0,115580.0,115545.11,115557.11,2025-09-20 17:53:42
BINANCE:BTCUSDT,2025-09-19 22:25:00+00:00,115557.12,115619.48,115557.12,115588.04,2025-09-20 17:53:42
BINANCE:BTCUSDT,2025-09-19 22:30:00+00:00,115588.04,115620.7,115588.04,115620.7,2025-09-20 17:53:42
BINANCE:BTCUSDT,2025-09-19 22:35:00+00:00,115620.69,115624.98,115606.61,115609.28,2025-09-20 17:53:42
BINANCE:BTCUSDT,2025-09-19 22:40:00+00:00,115609.28,115630.79,115588.11,115588.11,2025-09-20 17:53:42
BINANCE:BTCUSDT,2025-09-19 22:45:00+00:00,115588.11,115635.15,115588.11,115635.14,2025-09-20 17:53:42
BINANCE:BTCUSDT,2025-09-19 22:50:00+00:00,115635.15,115657.28,115615.1,115620.52,2025-09-20 17:53:42
BINANCE:BTCUSDT,2025-09-19 22:55:00+00:00,115620.52,115620.52,115613.21,115613.21,2025-09-20 17:53:42
BINANCE:BTCUSDT,2025-09-19 23:00:00+00:00,115613.21,115613.22,115580.0,115596.61,2025-09-20 17:53:42
BINANCE:BTCUSDT,2025-09-19 23:05:00+00:00,115596.61,115596.62,115543.0,115553.08,2025-09-20 17:53:42
BINANCE:BTCUSDT,2025-09-19 23:10:00+00:00,115553.08,115559.82,115500.0,115500.01,2025-09-20 17:53:42
BINANCE:BTCUSDT,2025-09-19 23:15:00+00:00,115500.01,115542.6,115500.0,115516.0,2025-09-20 17:53:42
BINANCE:BTCUSDT,2025-09-19 23:20:00+00:00,115515.99,115518.96,115464.0,115468.5,2025-09-20 17:53:42
BINANCE:BTCUSDT,2025-09-19 23:25:00+00:00,115468.5,115468.51,115448.01,115468.5,2025-09-20 17:53:42
BINANCE:BTCUSDT,2025-09-19 23:30:00+00:00,115468.49,115539.7,115451.43,115539.7,2025-09-20 17:53:42
BINANCE:BTCUSDT,2025-09-19 23:35:00+00:00,115539.7,115553.93,115524.05,115526.92,2025-09-20 17:53:42
BINANCE:BTCUSDT,2025-09-19 23:40:00+00:00,115526.92,115528.77,115515.98,115521.69,2025-09-20 17:53:42
BINANCE:BTCUSDT,2025-09-19 23:45:00+00:00,115521.69,115575.39,115521.68,115566.12,2025-09-20 17:53:42
BINANCE:BTCUSDT,2025-09-19 23:50:00+00:00,115566.12,115627.9,115566.11,115627.9,2025-09-20 17:53:42
BINANCE:BTCUSDT,2025-09-19 23:55:00+00:00,115627.9,115648.0,115606.35,115632.38,2025-09-20 17:53:42
BINANCE:BTCUSDT,2025-09-20 00:00:00+00:00,115632.39,115641.95,115593.08,115641.94,2025-09-20 17:53:42
BINANCE:BTCUSDT,2025-09-20 00:05:00+00:00,115641.95,115670.36,115610.79,115619.98,2025-09-20 17:53:42
BINANCE:BTCUSDT,2025-09-20 00:10:00+00:00,115619.99,115627.96,115619.98,115627.96,2025-09-20 17:53:42
BINANCE:BTCUSDT,2025-09-20 00:15:00+00:00,115627.96,115627.96,115600.0,115600.0,2025-09-20 17:53:42
BINANCE:BTCUSDT,2025-09-20 00:20:00+00:00,115600.01,115600.01,115560.69,115575.38,2025-09-20 17:53:42
BINANCE:BTCUSDT,2025-09-20 00:25:00+00:00,115575.38,115575.39,115548.92,115557.07,2025-09-20 17:53:42
BINANCE:BTCUSDT,2025-09-20 00:30:00+00:00,115557.06,115594.0,115557.06,115587.6,2025-09-20 17:53:42
BINANCE:BTCUSDT,2025-09-20 00:35:00+00:00,115587.59,115636.95,115587.59,115636.84,2025-09-20 17:53:42
BINANCE:BTCUSDT,2025-09-20 00:40:00+00:00,115636.84,115703.98,115636.83,115703.98,2025-09-20 17:53:42
BINANCE:BTCUSDT,2025-09-20 00:45:00+00:00,115703.98,115711.6,115675.7,115675.71,2025-09-20 17:53:42
BINANCE:BTCUSDT,2025-09-20 00:50:00+00:00,115675.7,115730.41,115675.7,115718.69,2025-09-20 17:53:42
BINANCE:BTCUSDT,2025-09-20 00:55:00+00:00,115718.7,115723.73,115718.69,115723.73,2025-09-20 17:53:42
BINANCE:BTCUSDT,2025-09-20 01:00:00+00:00,115723.72,115723.73,115671.77,115681.27,2025-09-20 17:53:42
BINANCE:BTCUSDT,2025-09-20 01:05:00+00:00,115681.28,115699.79,115628.64,115689.56,2025-09-20 17:53:42
BINANCE:BTCUSDT,2025-09-20 01:10:00+00:00,115689.56,115689.56,115615.4,115615.4,2025-09-20 17:53:42
BINANCE:BTCUSDT,2025-09-20 01:15:00+00:00,115615.4,115673.68,115610.84,115656.36,2025-09-20 17:53:42
BINANCE:BTCUSDT,2025-09-20 01:20:00+00:00,115656.36,115699.95,115656.36,115699.65,2025-09-20 17:53:42
BINANCE:BTCUSDT,2025-09-20 01:25:00+00:00,115699.65,115718.44,115699.64,115700.0,2025-09-20 17:53:42
BINANCE:BTCUSDT,2025-09-20 01:30:00+00:00,115700.01,115710.07,115646.0,115646.0,2025-09-20 17:53:42
BINANCE:BTCUSDT,2025-09-20 01:35:00+00:00,115646.0,115661.66,115630.46,115648.08,2025-09-20 17:53:42
BINANCE:BTCUSDT,2025-09-20 01:40:00+00:00,115648.08,115670.25,115632.81,115670.24,2025-09-20 17:53:42
BINANCE:BTCUSDT,2025-09-20 01:45:00+00:00,115670.24,115693.14,115663.01,115681.57,2025-09-20 17:53:42
BINANCE:BTCUSDT,2025-09-20 01:50:00+00:00,115681.56,115693.14,115677.53,115677.54,2025-09-20 17:53:42
BINANCE:BTCUSDT,2025-09-20 01:55:00+00:00,115677.54,115677.54,115623.5,115623.51,2025-09-20 17:53:42
BINANCE:BTCUSDT,2025-09-20 02:00:00+00:00,115623.5,115623.51,115525.55,115525.55,2025-09-20 17:53:42
BINANCE:BTCUSDT,2025-09-20 02:05:00+00:00,115525.55,115542.88,115525.55,115526.9,2025-09-20 17:53:42
BINANCE:BTCUSDT,2025-09-20 02:10:00+00:00,115526.9,115526.91,115493.55,115503.11,2025-09-20 17:53:42
BINANCE:BTCUSDT,2025-09-20 02:15:00+00:00,115503.12,115503.12,115444.0,115444.0,2025-09-20 17:53:42
BINANCE:BTCUSDT,2025-09-20 02:20:00+00:00,115444.01,115524.67,115444.0,115514.56,2025-09-20 17:53:42
BINANCE:BTCUSDT,2025-09-20 02:25:00+00:00,115514.57,115533.83,115514.56,115533.82,2025-09-20 17:53:42
BINANCE:BTCUSDT,2025-09-20 02:30:00+00:00,115533.82,115533.83,115496.71,115503.06,2025-09-20 17:53:42
BINANCE:BTCUSDT,2025-09-20 02:35:00+00:00,115503.07,115557.81,115503.06,115528.24,2025-09-20 17:53:42
BINANCE:BTCUSDT,2025-09-20 02:40:00+00:00,115528.24,115568.0,115528.23,115568.0,2025-09-20 17:53:42
BINANCE:BTCUSDT,2025-09-20 02:45:00+00:00,115567.99,115595.43,115558.97,115595.43,2025-09-20 17:53:42
BINANCE:BTCUSDT,2025-09-20 02:50:00+00:00,115595.42,115595.43,115582.23,115582.24,2025-09-20 17:53:42
BINANCE:BTCUSDT,2025-09-20 02:55:00+00:00,115582.24,115606.4,115582.23,115606.39,2025-09-20 17:53:42
BINANCE:BTCUSDT,2025-09-20 03:00:00+00:00,115606.4,115606.4,115546.41,115546.41,2025-09-20 17:53:42
BINANCE:BTCUSDT,2025-09-20 03:05:00+00:00,115546.42,115546.42,115504.8,115504.89,2025-09-20 17:53:42
BINANCE:BTCUSDT,2025-09-20 03:10:00+00:00,115504.9,115504.9,115464.0,115491.28,2025-09-20 17:53:42
BINANCE:BTCUSDT,2025-09-20 03:15:00+00:00,115491.27,115524.82,115491.27,115524.82,2025-09-20 17:53:42
BINANCE:BTCUSDT,2025-09-20 03:20:00+00:00,115524.82,115543.26,115524.81,115543.25,2025-09-20 17:53:42
BINANCE:BTCUSDT,2025-09-20 03:25:00+00:00,115543.25,115543.26,115506.79,115506.79,2025-09-20 17:53:42
BINANCE:BTCUSDT,2025-09-20 03:30:00+00:00,115506.8,115506.8,115469.97,115487.29,2025-09-20 17:53:42
BINANCE:BTCUSDT,2025-09-20 03:35:00+00:00,115487.29,115506.49,115487.29,115506.49,2025-09-20 17:53:42
BINANCE:BTCUSDT,2025-09-20 03:40:00+00:00,115506.48,115506.49,115506.48,115506.48,2025-09-20 17:53:42
BINANCE:BTCUSDT,2025-09-20 03:45:00+00:00,115506.49,115506.49,115506.48,115506.48,2025-09-20 17:53:42
BINANCE:BTCUSDT,2025-09-20 03:50:00+00:00,115506.49,115506.49,115424.45,115426.59,2025-09-20 17:53:42
BINANCE:BTCUSDT,2025-09-20 03:55:00+00:00,115426.6,115445.0,115408.47,115445.0,2025-09-20 17:53:42
BINANCE:BTCUSDT,2025-09-20 04:00:00+00:00,115445.0,115449.0,115425.01,115433.66,2025-09-20 17:53:42
BINANCE:BTCUSDT,2025-09-20 04:05:00+00:00,115433.66,115465.86,115433.65,115465.86,2025-09-20 17:53:42
BINANCE:BTCUSDT,2025-09-20 04:10:00+00:00,115465.86,115489.96,115465.85,115482.0,2025-09-20 17:53:42
BINANCE:BTCUSDT,2025-09-20 04:15:00+00:00,115482.01,115496.43,115472.92,115488.84,2025-09-20 17:53:42
BINANCE:BTCUSDT,2025-09-20 04:20:00+00:00,115488.83,115488.84,115460.0,115460.0,2025-09-20 17:53:42
BINANCE:BTCUSDT,2025-09-20 04:25:00+00:00,115460.0,115460.01,115460.0,115460.01,2025-09-20 17:53:42
BINANCE:BTCUSDT,2025-09-20 04:30:00+00:00,115460.01,115460.01,115409.08,115409.09,2025-09-20 17:53:42
BINANCE:BTCUSDT,2025-09-20 04:35:00+00:00,115409.09,115541.88,115409.08,115541.88,2025-09-20 17:53:42
BINANCE:BTCUSDT,2025-09-20 04:40:00+00:00,115541.87,115548.0,115541.87,115547.99,2025-09-20 17:53:42
BINANCE:BTCUSDT,2025-09-20 04:45:00+00:00,115548.0,115548.0,115545.94,115545.95,2025-09-20 17:53:42
BINANCE:BTCUSDT,2025-09-20 04:50:00+00:00,115545.95,115582.38,115545.94,115582.38,2025-09-20 17:53:42
BINANCE:BTCUSDT,2025-09-20 04:55:00+00:00,115582.38,115582.38,115552.1,115568.41,2025-09-20 17:53:42
BINANCE:BTCUSDT,2025-09-20 05:00:00+00:00,115568.41,115568.41,115519.17,115519.18,2025-09-20 17:53:42
BINANCE:BTCUSDT,2025-09-20 05:05:00+00:00,115519.17,115532.01,115512.63,115514.64,2025-09-20 17:53:42
BINANCE:BTCUSDT,2025-09-20 05:10:00+00:00,115514.64,115578.09,115514.63,115578.09,2025-09-20 17:53:42
BINANCE:BTCUSDT,2025-09-20 05:15:00+00:00,115578.09,115589.23,115578.08,115589.22,2025-09-20 17:53:42
BINANCE:BTCUSDT,2025-09-20 05:20:00+00:00,115589.23,115597.19,115589.22,115597.18,2025-09-20 17:53:42
BINANCE:BTCUSDT,2025-09-20 05:25:00+00:00,115597.19,115606.74,115597.18,115606.74,2025-09-20 17:53:42
BINANCE:BTCUSDT,2025-09-20 05:30:00+00:00,115606.74,115636.58,115606.73,115620.82,2025-09-20 17:53:42
BINANCE:BTCUSDT,2025-09-20 05:35:00+00:00,115620.82,115686.63,115620.81,115640.01,2025-09-20 17:53:42
BINANCE:BTCUSDT,2025-09-20 05:40:00+00:00,115640.01,115640.01,115639.99,115639.99,2025-09-20 17:53:42
BINANCE:BTCUSDT,2025-09-20 05:45:00+00:00,115639.99,115668.48,115639.99,115668.47,2025-09-20 17:53:42
BINANCE:BTCUSDT,2025-09-20 05:50:00+00:00,115668.47,115679.0,115668.47,115679.0,2025-09-20 17:53:42
BINANCE:BTCUSDT,2025-09-20 05:55:00+00:00,115678.99,115717.5,115678.99,115717.49,2025-09-20 17:53:42
BINANCE:BTCUSDT,2025-09-20 06:00:00+00:00,115717.49,115717.5,115670.43,115680.37,2025-09-20 17:53:42
BINANCE:BTCUSDT,2025-09-20 06:05:00+00:00,115680.36,115681.02,115662.97,115662.97,2025-09-20 17:53:42
BINANCE:BTCUSDT,2025-09-20 06:10:00+00:00,115662.98,115662.98,115625.85,115625.86,2025-09-20 17:53:42
BINANCE:BTCUSDT,2025-09-20 06:15:00+00:00,115625.86,115640.34,115625.85,115640.34,2025-09-20 17:53:42
BINANCE:BTCUSDT,2025-09-20 06:20:00+00:00,115640.34,115679.02,115640.33,115679.02,2025-09-20 17:53:42
BINANCE:BTCUSDT,2025-09-20 06:25:00+00:00,115679.01,115690.38,115672.04,115677.66,2025-09-20 17:53:42
BINANCE:BTCUSDT,2025-09-20 06:30:00+00:00,115677.67,115687.87,115677.66,115687.87,2025-09-20 17:53:42
BINANCE:BTCUSDT,2025-09-20 06:35:00+00:00,115687.86,115687.87,115677.67,115677.68,2025-09-20 17:53:42
BINANCE:BTCUSDT,2025-09-20 06:40:00+00:00,115677.67,115677.68,115677.67,115677.68,2025-09-20 17:53:42
BINANCE:BTCUSDT,2025-09-20 06:45:00+00:00,115677.68,115713.49,115677.67,115713.48,2025-09-20 17:53:42
BINANCE:BTCUSDT,2025-09-20 06:50:00+00:00,115713.48,115724.34,115713.48,115724.33,2025-09-20 17:53:42
BINANCE:BTCUSDT,2025-09-20 06:55:00+00:00,115724.34,115724.34,115700.46,115700.46,2025-09-20 17:53:42
BINANCE:BTCUSDT,2025-09-20 07:00:00+00:00,115700.47,115722.64,115694.56,115694.57,2025-09-20 17:53:42
BINANCE:BTCUSDT,2025-09-20 07:05:00+00:00,115694.56,115719.2,115686.76,115719.2,2025-09-20 17:53:42
BINANCE:BTCUSDT,2025-09-20 07:10:00+00:00,115719.2,115719.2,115683.47,115687.09,2025-09-20 17:53:42
BINANCE:BTCUSDT,2025-09-20 07:15:00+00:00,115687.09,115711.85,115687.08,115711.85,2025-09-20 17:53:42
BINANCE:BTCUSDT,2025-09-20 07:20:00+00:00,115711.84,115745.27,115711.84,115745.26,2025-09-20 17:53:42
BINANCE:BTCUSDT,2025-09-20 07:25:00+00:00,115745.26,115745.27,115737.45,115737.46,2025-09-20 17:53:42
BINANCE:BTCUSDT,2025-09-20 07:30:00+00:00,115737.45,115760.58,115737.45,115760.58,2025-09-20 17:53:42
BINANCE:BTCUSDT,2025-09-20 07:35:00+00:00,115760.58,115842.5,115760.57,115839.99,2025-09-20 17:53:42
BINANCE:BTCUSDT,2025-09-20 07:40:00+00:00,115839.99,115925.67,115836.99,115925.66,2025-09-20 17:53:42
BINANCE:BTCUSDT,2025-09-20 07:45:00+00:00,115925.67,115945.1,115877.77,115945.09,2025-09-20 17:53:42
BINANCE:BTCUSDT,2025-09-20 07:50:00+00:00,115945.1,115981.27,115932.86,115962.43,2025-09-20 17:53:42
BINANCE:BTCUSDT,2025-09-20 07:55:00+00:00,115962.43,115985.2,115956.57,115968.56,2025-09-20 17:53:42
BINANCE:BTCUSDT,2025-09-20 08:00:00+00:00,115968.56,115968.57,115923.12,115923.12,2025-09-20 17:53:42
BINANCE:BTCUSDT,2025-09-20 08:05:00+00:00,115923.13,115923.13,115845.43,115845.44,2025-09-20 17:53:42
BINANCE:BTCUSDT,2025-09-20 08:10:00+00:00,115845.43,115855.98,115831.55,115855.97,2025-09-20 17:53:42
BINANCE:BTCUSDT,2025-09-20 08:15:00+00:00,115855.97,115855.98,115849.47,115849.47,2025-09-20 17:53:42
BINANCE:BTCUSDT,2025-09-20 08:20:00+00:00,115849.47,115849.48,115827.45,115827.46,2025-09-20 17:53:42
BINANCE:BTCUSDT,2025-09-20 08:25:00+00:00,115827.46,115827.46,115817.15,115817.16,2025-09-20 17:53:42
BINANCE:BTCUSDT,2025-09-20 08:30:00+00:00,115817.15,115846.46,115817.07,115845.99,2025-09-20 17:53:42
BINANCE:BTCUSDT,2025-09-20 08:35:00+00:00,115845.99,115888.81,115845.99,115884.07,2025-09-20 17:53:42
BINANCE:BTCUSDT,2025-09-20 08:40:00+00:00,115884.07,115884.07,115872.92,115884.06,2025-09-20 17:53:42
BINANCE:BTCUSDT,2025-09-20 08:45:00+00:00,115884.07,115884.07,115862.25,115862.25,2025-09-20 17:53:42
BINANCE:BTCUSDT,2025-09-20 08:50:00+00:00,115862.25,115862.26,115788.03,115788.03,2025-09-20 17:53:42
BINANCE:BTCUSDT,2025-09-20 08:55:00+00:00,115788.03,115788.04,115700.01,115701.43,2025-09-20 17:53:42
BINANCE:BTCUSDT,2025-09-20 09:00:00+00:00,115701.43,115731.8,115700.01,115731.79,2025-09-20 17:53:42
BINANCE:BTCUSDT,2025-09-20 09:05:00+00:00,115731.79,115785.13,115731.79,115785.12,2025-09-20 17:53:42
BINANCE:BTCUSDT,2025-09-20 09:10:00+00:00,115785.12,115785.13,115785.12,115785.12,2025-09-20 17:53:42
BINANCE:BTCUSDT,2025-09-20 09:15:00+00:00,115785.13,115793.38,115785.12,115793.38,2025-09-20 17:53:42
BINANCE:BTCUSDT,2025-09-20 09:20:00+00:00,115793.37,115794.39,115749.71,115764.56,2025-09-20 17:53:42
BINANCE:BTCUSDT,2025-09-20 09:25:00+00:00,115764.56,115777.26,115755.86,115755.86,2025-09-20 17:53:42
BINANCE:BTCUSDT,2025-09-20 09:30:00+00:00,115755.87,115755.87,115713.03,115713.04,2025-09-20 17:53:42
BINANCE:BTCUSDT,2025-09-20 09:35:00+00:00,115713.04,115713.04,115672.62,115690.0,2025-09-20 17:53:42
BINANCE:BTCUSDT,2025-09-20 09:40:00+00:00,115690.01,115690.01,115664.11,115678.36,2025-09-20 17:53:42
BINANCE:BTCUSDT,2025-09-20 09:45:00+00:00,115678.36,115678.37,115678.35,115678.36,2025-09-20 17:53:42
BINANCE:BTCUSDT,2025-09-20 09:50:00+00:00,115678.35,115688.66,115678.35,115688.66,2025-09-20 17:53:42
BINANCE:BTCUSDT,2025-09-20 09:55:00+00:00,115688.66,115688.66,115672.79,115672.8,2025-09-20 17:53:42
BINANCE:BTCUSDT,2025-09-20 10:00:00+00:00,115672.8,115738.33,115672.79,115738.32,2025-09-20 17:53:42
BINANCE:BTCUSDT,2025-09-20 10:05:00+00:00,115738.33,115738.33,115718.54,115726.85,2025-09-20 17:53:42
BINANCE:BTCUSDT,2025-09-20 10:10:00+00:00,115726.85,115761.58,115726.85,115747.58,2025-09-20 17:53:42
BINANCE:BTCUSDT,2025-09-20 10:15:00+00:00,115747.58,115785.33,115747.58,115757.99,2025-09-20 17:53:42
BINANCE:BTCUSDT,2025-09-20 10:20:00+00:00,115758.0,115789.93,115747.6,115747.61,2025-09-20 17:53:42
BINANCE:BTCUSDT,2025-09-20 10:25:00+00:00,115747.61,115747.61,115700.03,115732.83,2025-09-20 17:53:42
BINANCE:BTCUSDT,2025-09-20 10:30:00+00:00,115732.84,115732.84,115720.52,115720.52,2025-09-20 17:53:42
BINANCE:BTCUSDT,2025-09-20 10:35:00+00:00,115720.52,115784.35,115720.52,115780.0,2025-09-20 17:53:42
BINANCE:BTCUSDT,2025-09-20 10:40:00+00:00,115779.99,115780.0,115779.99,115780.0,2025-09-20 17:53:42
BINANCE:BTCUSDT,2025-09-20 10:45:00+00:00,115780.0,115798.16,115750.0,115750.0,2025-09-20 17:53:42
BINANCE:BTCUSDT,2025-09-20 10:50:00+00:00,115750.0,115764.72,115741.56,115747.56,2025-09-20 17:53:42
BINANCE:BTCUSDT,2025-09-20 10:55:00+00:00,115747.55,115747.56,115747.54,115747.54,2025-09-20 17:53:42
BINANCE:BTCUSDT,2025-09-20 11:00:00+00:00,115747.54,115808.0,115747.54,115798.16,2025-09-20 17:53:42
BINANCE:BTCUSDT,2025-09-20 11:05:00+00:00,115798.15,115819.5,115798.15,115819.49,2025-09-20 17:53:42
BINANCE:BTCUSDT,2025-09-20 11:10:00+00:00,115819.5,115846.95,115819.49,115846.94,2025-09-20 17:53:42
BINANCE:BTCUSDT,2025-09-20 11:15:00+00:00,115846.94,115852.34,115830.32,115846.37,2025-09-20 17:53:42
BINANCE:BTCUSDT,2025-09-20 11:20:00+00:00,115846.37,115858.99,115809.29,115853.98,2025-09-20 17:53:42
BINANCE:BTCUSDT,2025-09-20 11:25:00+00:00,115853.97,115853.98,115787.15,115787.15,2025-09-20 17:53:42
BINANCE:BTCUSDT,2025-09-20 11:30:00+00:00,115787.16,115828.67,115780.85,115797.54,2025-09-20 17:53:42
BINANCE:BTCUSDT,2025-09-20 11:35:00+00:00,115797.54,115815.38,115792.36,115815.38,2025-09-20 17:53:42
BINANCE:BTCUSDT,2025-09-20 11:40:00+00:00,115815.37,115816.23,115815.37,115816.23,2025-09-20 17:53:42
BINANCE:BTCUSDT,2025-09-20 11:45:00+00:00,115816.23,115885.71,115816.22,115885.7,2025-09-20 17:53:42
BINANCE:BTCUSDT,2025-09-20 11:50:00+00:00,115885.7,115908.11,115885.7,115908.1,2025-09-20 17:53:42
BINANCE:BTCUSDT,2025-09-20 11:55:00+00:00,115908.11,115909.54,115880.07,115894.06,2025-09-20 17:53:42
BINANCE:BTCUSDT,2025-09-20 12:00:00+00:00,115894.05,115950.89,115894.05,115922.42,2025-09-20 17:53:42
BINANCE:BTCUSDT,2025-09-20 12:05:00+00:00,115922.41,115922.43,115903.58,115903.58,2025-09-20 17:53:42
BINANCE:BTCUSDT,2025-09-20 12:10:00+00:00,115903.58,115931.06,115903.58,115915.88,2025-09-20 17:53:42
BINANCE:BTCUSDT,2025-09-20 12:15:00+00:00,115915.88,115937.06,115911.38,115911.38,2025-09-20 17:53:42
BINANCE:BTCUSDT,2025-09-20 12:20:00+00:00,115911.38,115911.39,115844.75,115861.52,2025-09-20 17:53:42
BINANCE:BTCUSDT,2025-09-20 12:25:00+00:00,115861.52,115861.52,115822.83,115822.84,2025-09-20 17:53:42
BINANCE:BTCUSDT,2025-09-20 12:30:00+00:00,115822.84,115835.0,115822.84,115835.0,2025-09-20 17:53:42
BINANCE:BTCUSDT,2025-09-20 12:35:00+00:00,115834.99,115843.78,115804.47,115843.77,2025-09-20 17:53:42
BINANCE:BTCUSDT,2025-09-20 12:40:00+00:00,115843.78,115847.08,115843.77,115844.46,2025-09-20 17:53:42
BINANCE:BTCUSDT,2025-09-20 12:45:00+00:00,115844.46,115859.51,115844.46,115859.5,2025-09-20 17:53:42
BINANCE:BTCUSDT,2025-09-20 12:50:00+00:00,115859.5,115869.96,115859.5,115862.92,2025-09-20 17:53:42
BINANCE:BTCUSDT,2025-09-20 12:55:00+00:00,115862.92,115874.5,115862.91,115874.49,2025-09-20 17:53:42
BINANCE:BTCUSDT,2025-09-20 13:00:00+00:00,115874.5,115874.5,115859.48,115868.91,2025-09-20 17:53:42
BINANCE:BTCUSDT,2025-09-20 13:05:00+00:00,115868.91,115868.91,115868.89,115868.9,2025-09-20 17:53:42
BINANCE:BTCUSDT,2025-09-20 13:10:00+00:00,115868.89,115890.95,115868.89,115890.95,2025-09-20 17:53:42
BINANCE:BTCUSDT,2025-09-20 13:15:00+00:00,115890.94,115905.93,115890.94,115905.92,2025-09-20 17:53:42
BINANCE:BTCUSDT,2025-09-20 13:20:00+00:00,115905.93,115905.93,115905.92,115905.92,2025-09-20 17:53:42
BINANCE:BTCUSDT,2025-09-20 13:25:00+00:00,115905.93,115905.93,115905.92,115905.93,2025-09-20 17:53:42
BINANCE:BTCUSDT,2025-09-20 13:30:00+00:00,115905.93,115922.15,115905.92,115922.14,2025-09-20 17:53:42
BINANCE:BTCUSDT,2025-09-20 13:35:00+00:00,115922.14,115922.15,115922.14,115922.15,2025-09-20 17:53:42
BINANCE:BTCUSDT,2025-09-20 13:40:00+00:00,115922.15,115926.12,115894.76,115926.11,2025-09-20 17:53:42
BINANCE:BTCUSDT,2025-09-20 13:45:00+00:00,115926.12,115938.18,115926.11,115938.17,2025-09-20 17:53:42
BINANCE:BTCUSDT,2025-09-20 13:50:00+00:00,115938.18,115951.96,115891.04,115909.34,2025-09-20 17:53:42
BINANCE:BTCUSDT,2025-09-20 13:55:00+00:00,115909.33,115915.8,115909.33,115915.8,2025-09-20 17:53:42
BINANCE:BTCUSDT,2025-09-20 14:00:00+00:00,115915.79,115945.84,115907.72,115945.84,2025-09-20 17:53:42
BINANCE:BTCUSDT,2025-09-20 14:05:00+00:00,115945.84,115945.84,115917.8,115917.8,2025-09-20 17:53:42
BINANCE:BTCUSDT,2025-09-20 14:10:00+00:00,115917.81,115917.81,115893.59,115893.59,2025-09-20 17:53:42
BINANCE:BTCUSDT,2025-09-20 14:15:00+00:00,115893.59,115902.9,115883.3,115893.82,2025-09-20 17:53:42
BINANCE:BTCUSDT,2025-09-20 14:20:00+00:00,115893.83,115904.75,115893.82,115904.75,2025-09-20 17:53:42
BINANCE:BTCUSDT,2025-09-20 14:25:00+00:00,115904.75,115904.75,115900.75,115900.76,2025-09-20 17:53:42
BINANCE:BTCUSDT,2025-09-20 14:30:00+00:00,115900.76,115925.64,115900.75,115925.63,2025-09-20 17:53:42
BINANCE:BTCUSDT,2025-09-20 14:35:00+00:00,115925.64,115939.68,115925.63,115939.68,2025-09-20 17:53:42
BINANCE:BTCUSDT,2025-09-20 14:40:00+00:00,115939.67,115940.7,115939.67,115940.69,2025-09-20 17:53:42
BINANCE:BTCUSDT,2025-09-20 14:45:00+00:00,115940.7,116036.0,115940.69,116009.5,2025-09-20 17:53:42
BINANCE:BTCUSDT,2025-09-20 14:50:00+00:00,116009.51,116017.9,116009.5,116017.9,2025-09-20 17:53:42
BINANCE:BTCUSDT,2025-09-20 14:55:00+00:00,116017.89,116017.9,115970.36,115970.36,2025-09-20 17:53:42
BINANCE:BTCUSDT,2025-09-20 15:00:00+00:00,115970.36,116042.91,115970.36,116032.74,2025-09-20 17:53:42
BINANCE:BTCUSDT,2025-09-20 15:05:00+00:00,116032.74,116063.49,116032.73,116063.48,2025-09-20 17:53:42
BINANCE:BTCUSDT,2025-09-20 15:10:00+00:00,116063.49,116081.36,116039.53,116059.92,2025-09-20 17:53:42
BINANCE:BTCUSDT,2025-09-20 15:15:00+00:00,116059.92,116096.38,116023.72,116096.38,2025-09-20 17:53:42
BINANCE:BTCUSDT,2025-09-20 15:20:00+00:00,116096.38,116104.5,116051.85,116100.66,2025-09-20 17:53:42
BINANCE:BTCUSDT,2025-09-20 15:25:00+00:00,116100.65,116121.81,116100.65,116110.0,2025-09-20 17:53:42
BINANCE:BTCUSDT,2025-09-20 15:30:00+00:00,116110.01,116119.3,116044.69,116044.7,2025-09-20 17:53:42
BINANCE:BTCUSDT,2025-09-20 15:35:00+00:00,116044.69,116044.7,116020.92,116020.92,2025-09-20 17:53:42
BINANCE:BTCUSDT,2025-09-20 15:40:00+00:00,116020.92,116020.93,116006.0,116007.0,2025-09-20 17:53:42
BINANCE:BTCUSDT,2025-09-20 15:45:00+00:00,116007.0,116007.01,115946.91,115956.34,2025-09-20 17:53:42
BINANCE:BTCUSDT,2025-09-20 15:50:00+00:00,115956.34,115972.69,115956.34,115961.78,2025-09-20 17:53:42
BINANCE:BTCUSDT,2025-09-20 15:55:00+00:00,115961.79,115986.7,115961.78,115986.69,2025-09-20 17:53:42
BINANCE:BTCUSDT,2025-09-20 16:00:00+00:00,115986.7,116048.0,115986.69,116048.0,2025-09-20 17:53:42
BINANCE:BTCUSDT,2025-09-20 16:05:00+00:00,116047.99,116048.0,115992.78,115992.78,2025-09-20 17:53:42
BINANCE:BTCUSDT,2025-09-20 16:10:00+00:00,115992.79,115992.8,115965.13,115965.14,2025-09-20 17:53:42
BINANCE:BTCUSDT,2025-09-20 16:15:00+00:00,115965.13,115965.14,115882.58,115882.82,2025-09-20 17:53:42
BINANCE:BTCUSDT,2025-09-20 16:20:00+00:00,115882.82,115886.51,115882.82,115886.5,2025-09-20 17:53:42
BINANCE:BTCUSDT,2025-09-20 16:25:00+00:00,115886.5,115954.94,115886.5,115954.3,2025-09-20 17:53:42
BINANCE:BTCUSDT,2025-09-20 16:30:00+00:00,115954.3,116015.78,115954.3,116015.78,2025-09-20 17:53:42
BINANCE:BTCUSDT,2025-09-20 16:35:00+00:00,116015.77,116034.7,116015.77,116034.7,2025-09-20 17:53:42
BINANCE:BTCUSDT,2025-09-20 16:40:00+00:00,116034.7,116057.24,116034.69,116040.03,2025-09-20 17:53:42
BINANCE:BTCUSDT,2025-09-20 16:45:00+00:00,116040.03,116040.04,116020.92,116020.93,2025-09-20 17:53:42
BINANCE:BTCUSDT,2025-09-20 16:50:00+00:00,116020.93,116030.66,116020.92,116030.66,2025-09-20 17:53:42
BINANCE:BTCUSDT,2025-09-20 16:55:00+00:00,116030.66,116030.66,116027.94,116027.94,2025-09-20 17:53:42
BINANCE:BTCUSDT,2025-09-20 17:00:00+00:00,116027.95,116079.46,116027.94,116027.94,2025-09-20 17:53:42
BINANCE:BTCUSDT,2025-09-20 17:05:00+00:00,116027.95,116027.95,115993.96,115993.96,2025-09-20 17:53:42
BINANCE:BTCUSDT,2025-09-20 17:10:00+00:00,115993.97,116011.05,115904.27,115904.27,2025-09-20 17:53:42
BINANCE:BTCUSDT,2025-09-20 17:15:00+00:00,115904.27,115910.12,115832.79,115910.12,2025-09-20 17:53:42
BINANCE:BTCUSDT,2025-09-20 17:20:00+00:00,115910.11,115910.12,115882.73,115882.73,2025-09-20 17:53:42
BINANCE:BTCUSDT,2025-09-20 17:25:00+00:00,115882.74,115882.74,115854.77,115854.78,2025-09-20 17:53:42
BINANCE:BTCUSDT,2025-09-20 17:30:00+00:00,115854.77,115886.85,115854.77,115886.84,2025-09-20 17:53:42
BINANCE:BTCUSDT,2025-09-20 17:35:00+00:00,115886.84,115891.97,115882.87,115889.69,2025-09-20 17:53:42
BINANCE:BTCUSDT,2025-09-20 17:40:00+00:00,115889.69,115889.7,115876.95,115877.36,2025-09-20 17:53:42
BINANCE:BTCUSDT,2025-09-20 17:45:00+00:00,115877.35,115877.36,115834.01,115834.02,2025-09-20 17:53:42
BINANCE:BTCUSDT,2025-09-20 17:50:00+00:00,115834.02,115834.02,115817.28,115833.99,2025-09-20 17:53:42
