instrument,companyName,cik,form,filedDate,accessionNumber,reportDate,primaryDocument,primaryDocDescription,primaryDocumentUrl,detail_url
MAG7,"Meta Platforms, Inc.",0001326801,144,2025-09-23T00:00:00Z,0001921094-25-001194,,xsl144X01/primary_doc.xml,,https://www.sec.gov/Archives/edgar/data/1326801/000192109425001194/xsl144X01/primary_doc.xml,https://www.sec.gov/Archives/edgar/data/1326801/000192109425001194/0001921094-25-001194-index.htm
MAG7,NVIDIA CORP,0001045810,4,2025-09-23T00:00:00Z,0001636665-25-000006,2025-09-19,xslF345X05/wk-form4_1758662649.xml,FORM 4,https://www.sec.gov/Archives/edgar/data/1045810/000163666525000006/xslF345X05/wk-form4_1758662649.xml,https://www.sec.gov/Archives/edgar/data/1045810/000163666525000006/0001636665-25-000006-index.htm
MAG7,NVIDIA CORP,0001045810,4,2025-09-23T00:00:00Z,0001199039-25-000010,2025-09-19,xslF345X05/wk-form4_1758662353.xml,FORM 4,https://www.sec.gov/Archives/edgar/data/1045810/000119903925000010/xslF345X05/wk-form4_1758662353.xml,https://www.sec.gov/Archives/edgar/data/1045810/000119903925000010/0001199039-25-000010-index.htm
MAG7,NVIDIA CORP,0001045810,144,2025-09-23T00:00:00Z,0001921094-25-001195,,xsl144X01/primary_doc.xml,,https://www.sec.gov/Archives/edgar/data/1045810/000192109425001195/xsl144X01/primary_doc.xml,https://www.sec.gov/Archives/edgar/data/1045810/000192109425001195/0001921094-25-001195-index.htm
MAG7,"Tesla, Inc.",0001318605,DEFA14A,2025-09-23T00:00:00Z,0001104659-25-092572,,tm252289d21_defa14a.htm,DEFA14A,https://www.sec.gov/Archives/edgar/data/1318605/000110465925092572/tm252289d21_defa14a.htm,https://www.sec.gov/Archives/edgar/data/1318605/000110465925092572/0001104659-25-092572-index.htm
MAG7,"Meta Platforms, Inc.",0001326801,144,2025-09-22T00:00:00Z,0001921094-25-001187,,xsl144X01/primary_doc.xml,,https://www.sec.gov/Archives/edgar/data/1326801/000192109425001187/xsl144X01/primary_doc.xml,https://www.sec.gov/Archives/edgar/data/1326801/000192109425001187/0001921094-25-001187-index.htm
MAG7,NVIDIA CORP,0001045810,4,2025-09-22T00:00:00Z,0001197650-25-000007,2025-09-18,xslF345X05/wk-form4_1758588406.xml,FORM 4,https://www.sec.gov/Archives/edgar/data/1045810/000119765025000007/xslF345X05/wk-form4_1758588406.xml,https://www.sec.gov/Archives/edgar/data/1045810/000119765025000007/0001197650-25-000007-index.htm
MAG7,NVIDIA CORP,0001045810,144,2025-09-22T00:00:00Z,0001921094-25-001192,,xsl144X01/primary_doc.xml,,https://www.sec.gov/Archives/edgar/data/1045810/000192109425001192/xsl144X01/primary_doc.xml,https://www.sec.gov/Archives/edgar/data/1045810/000192109425001192/0001921094-25-001192-index.htm
MAG7,"Tesla, Inc.",0001318605,DEFA14A,2025-09-22T00:00:00Z,0001104659-25-092175,,tm252289d20_defa14a.htm,DEFA14A,https://www.sec.gov/Archives/edgar/data/1318605/000110465925092175/tm252289d20_defa14a.htm,https://www.sec.gov/Archives/edgar/data/1318605/000110465925092175/0001104659-25-092175-index.htm
MAG7,"Tesla, Inc.",0001318605,PX14A6G,2025-09-22T00:00:00Z,0001096906-25-001550,,ncppr_px14a6g.htm,NATIONAL CENTER FOR PUBLIC POLICY RESEARCH - PX14A6G,https://www.sec.gov/Archives/edgar/data/1318605/000109690625001550/ncppr_px14a6g.htm,https://www.sec.gov/Archives/edgar/data/1318605/000109690625001550/0001096906-25-001550-index.htm
MAG7,NVIDIA CORP,0001045810,4,2025-09-19T00:00:00Z,0001526111-25-000006,2025-09-17,xslF345X05/wk-form4_1758331018.xml,FORM 4,https://www.sec.gov/Archives/edgar/data/1045810/000152611125000006/xslF345X05/wk-form4_1758331018.xml,https://www.sec.gov/Archives/edgar/data/1045810/000152611125000006/0001526111-25-000006-index.htm
MAG7,NVIDIA CORP,0001045810,4,2025-09-19T00:00:00Z,0001696841-25-000004,2025-09-17,xslF345X05/wk-form4_1758330785.xml,FORM 4,https://www.sec.gov/Archives/edgar/data/1045810/000169684125000004/xslF345X05/wk-form4_1758330785.xml,https://www.sec.gov/Archives/edgar/data/1045810/000169684125000004/0001696841-25-000004-index.htm
MAG7,NVIDIA CORP,0001045810,4,2025-09-19T00:00:00Z,0001283854-25-000006,2025-09-17,xslF345X05/wk-form4_1758330603.xml,FORM 4,https://www.sec.gov/Archives/edgar/data/1045810/000128385425000006/xslF345X05/wk-form4_1758330603.xml,https://www.sec.gov/Archives/edgar/data/1045810/000128385425000006/0001283854-25-000006-index.htm
MAG7,NVIDIA CORP,0001045810,4,2025-09-19T00:00:00Z,0001347842-25-000005,2025-09-17,xslF345X05/wk-form4_1758330464.xml,FORM 4,https://www.sec.gov/Archives/edgar/data/1045810/000134784225000005/xslF345X05/wk-form4_1758330464.xml,https://www.sec.gov/Archives/edgar/data/1045810/000134784225000005/0001347842-25-000005-index.htm
MAG7,NVIDIA CORP,0001045810,4,2025-09-19T00:00:00Z,0001588670-25-000009,2025-09-17,xslF345X05/wk-form4_1758330323.xml,FORM 4,https://www.sec.gov/Archives/edgar/data/1045810/000158867025000009/xslF345X05/wk-form4_1758330323.xml,https://www.sec.gov/Archives/edgar/data/1045810/000158867025000009/0001588670-25-000009-index.htm
MAG7,NVIDIA CORP,0001045810,4,2025-09-19T00:00:00Z,0001197649-25-000036,2025-09-17,xslF345X05/wk-form4_1758330063.xml,FORM 4,https://www.sec.gov/Archives/edgar/data/1045810/000119764925000036/xslF345X05/wk-form4_1758330063.xml,https://www.sec.gov/Archives/edgar/data/1045810/000119764925000036/0001197649-25-000036-index.htm
MAG7,NVIDIA CORP,0001045810,144/A,2025-09-19T00:00:00Z,0001958244-25-004347,,xsl144X01/primary_doc.xml,,https://www.sec.gov/Archives/edgar/data/1045810/000195824425004347/xsl144X01/primary_doc.xml,https://www.sec.gov/Archives/edgar/data/1045810/000195824425004347/0001958244-25-004347-index.htm
MAG7,NVIDIA CORP,0001045810,144,2025-09-19T00:00:00Z,0001958244-25-004346,,xsl144X01/primary_doc.xml,,https://www.sec.gov/Archives/edgar/data/1045810/000195824425004346/xsl144X01/primary_doc.xml,https://www.sec.gov/Archives/edgar/data/1045810/000195824425004346/0001958244-25-004346-index.htm
MAG7,NVIDIA CORP,0001045810,144,2025-09-19T00:00:00Z,0001950047-25-007371,,xsl144X01/primary_doc.xml,,https://www.sec.gov/Archives/edgar/data/1045810/000195004725007371/xsl144X01/primary_doc.xml,https://www.sec.gov/Archives/edgar/data/1045810/000195004725007371/0001950047-25-007371-index.htm
MAG7,NVIDIA CORP,0001045810,144,2025-09-19T00:00:00Z,0001921094-25-001183,,xsl144X01/primary_doc.xml,,https://www.sec.gov/Archives/edgar/data/1045810/000192109425001183/xsl144X01/primary_doc.xml,https://www.sec.gov/Archives/edgar/data/1045810/000192109425001183/0001921094-25-001183-index.htm
MAG7,NVIDIA CORP,0001045810,144,2025-09-19T00:00:00Z,0001969223-25-000785,,xsl144X01/primary_doc.xml,,https://www.sec.gov/Archives/edgar/data/1045810/000196922325000785/xsl144X01/primary_doc.xml,https://www.sec.gov/Archives/edgar/data/1045810/000196922325000785/0001969223-25-000785-index.htm
MAG7,"Tesla, Inc.",0001318605,DEFA14A,2025-09-19T00:00:00Z,0001104659-25-091707,,tm252289d19_defa14a.htm,DEFA14A,https://www.sec.gov/Archives/edgar/data/1318605/000110465925091707/tm252289d19_defa14a.htm,https://www.sec.gov/Archives/edgar/data/1318605/000110465925091707/0001104659-25-091707-index.htm
MAG7,"Meta Platforms, Inc.",0001326801,4,2025-09-18T00:00:00Z,0000950103-25-011843,2025-09-16,xslF345X05/dp234437_4-newstead.xml,FORM 4,https://www.sec.gov/Archives/edgar/data/1326801/000095010325011843/xslF345X05/dp234437_4-newstead.xml,https://www.sec.gov/Archives/edgar/data/1326801/000095010325011843/0000950103-25-011843-index.htm
MAG7,NVIDIA CORP,0001045810,144,2025-09-18T00:00:00Z,0001197650-25-000005,,xsl144X01/primary_doc.xml,,https://www.sec.gov/Archives/edgar/data/1045810/000119765025000005/xsl144X01/primary_doc.xml,https://www.sec.gov/Archives/edgar/data/1045810/000119765025000005/0001197650-25-000005-index.htm
MAG7,NVIDIA CORP,0001045810,144,2025-09-18T00:00:00Z,0001921094-25-001182,,xsl144X01/primary_doc.xml,,https://www.sec.gov/Archives/edgar/data/1045810/000192109425001182/xsl144X01/primary_doc.xml,https://www.sec.gov/Archives/edgar/data/1045810/000192109425001182/0001921094-25-001182-index.htm
MAG7,"Tesla, Inc.",0001318605,DEFA14A,2025-09-18T00:00:00Z,0001104659-25-091323,,tm252289d18_defa14a.htm,DEFA14A,https://www.sec.gov/Archives/edgar/data/1318605/000110465925091323/tm252289d18_defa14a.htm,https://www.sec.gov/Archives/edgar/data/1318605/000110465925091323/0001104659-25-091323-index.htm
MAG7,MICROSOFT CORP,0000789019,4,2025-09-17T00:00:00Z,0000789019-25-000057,2025-09-15,xslF345X05/form4.xml,STATEMENT OF CHANGES IN BENEFICIAL OWNERSHIP OF SECURITIES,https://www.sec.gov/Archives/edgar/data/789019/000078901925000057/xslF345X05/form4.xml,https://www.sec.gov/Archives/edgar/data/789019/000078901925000057/0000789019-25-000057-index.htm
MAG7,MICROSOFT CORP,0000789019,4,2025-09-17T00:00:00Z,0000789019-25-000056,2025-09-15,xslF345X05/form4.xml,STATEMENT OF CHANGES IN BENEFICIAL OWNERSHIP OF SECURITIES,https://www.sec.gov/Archives/edgar/data/789019/000078901925000056/xslF345X05/form4.xml,https://www.sec.gov/Archives/edgar/data/789019/000078901925000056/0000789019-25-000056-index.htm
MAG7,MICROSOFT CORP,0000789019,4,2025-09-17T00:00:00Z,0000789019-25-000055,2025-09-15,xslF345X05/form4.xml,STATEMENT OF CHANGES IN BENEFICIAL OWNERSHIP OF SECURITIES,https://www.sec.gov/Archives/edgar/data/789019/000078901925000055/xslF345X05/form4.xml,https://www.sec.gov/Archives/edgar/data/789019/000078901925000055/0000789019-25-000055-index.htm
MAG7,MICROSOFT CORP,0000789019,4,2025-09-17T00:00:00Z,0000789019-25-000054,2025-09-15,xslF345X05/form4.xml,STATEMENT OF CHANGES IN BENEFICIAL OWNERSHIP OF SECURITIES,https://www.sec.gov/Archives/edgar/data/789019/000078901925000054/xslF345X05/form4.xml,https://www.sec.gov/Archives/edgar/data/789019/000078901925000054/0000789019-25-000054-index.htm
MAG7,MICROSOFT CORP,0000789019,4,2025-09-17T00:00:00Z,0000789019-25-000053,2025-09-15,xslF345X05/form4.xml,STATEMENT OF CHANGES IN BENEFICIAL OWNERSHIP OF SECURITIES,https://www.sec.gov/Archives/edgar/data/789019/000078901925000053/xslF345X05/form4.xml,https://www.sec.gov/Archives/edgar/data/789019/000078901925000053/0000789019-25-000053-index.htm
MAG7,MICROSOFT CORP,0000789019,4,2025-09-17T00:00:00Z,0000789019-25-000052,2025-09-15,xslF345X05/form4.xml,STATEMENT OF CHANGES IN BENEFICIAL OWNERSHIP OF SECURITIES,https://www.sec.gov/Archives/edgar/data/789019/000078901925000052/xslF345X05/form4.xml,https://www.sec.gov/Archives/edgar/data/789019/000078901925000052/0000789019-25-000052-index.htm
MAG7,Alphabet Inc.,0001652044,4,2025-09-17T00:00:00Z,0001193125-25-206631,2025-09-15,xslF345X05/ownership.xml,4,https://www.sec.gov/Archives/edgar/data/1652044/000119312525206631/xslF345X05/ownership.xml,https://www.sec.gov/Archives/edgar/data/1652044/000119312525206631/0001193125-25-206631-index.htm
MAG7,Alphabet Inc.,0001652044,4,2025-09-17T00:00:00Z,0001193125-25-206614,2025-09-15,xslF345X05/ownership.xml,4,https://www.sec.gov/Archives/edgar/data/1652044/000119312525206614/xslF345X05/ownership.xml,https://www.sec.gov/Archives/edgar/data/1652044/000119312525206614/0001193125-25-206614-index.htm
MAG7,Alphabet Inc.,0001652044,4,2025-09-17T00:00:00Z,0001193125-25-206604,2025-09-15,xslF345X05/ownership.xml,4,https://www.sec.gov/Archives/edgar/data/1652044/000119312525206604/xslF345X05/ownership.xml,https://www.sec.gov/Archives/edgar/data/1652044/000119312525206604/0001193125-25-206604-index.htm
MAG7,Alphabet Inc.,0001652044,4,2025-09-17T00:00:00Z,0001193125-25-206597,2025-09-15,xslF345X05/ownership.xml,4,https://www.sec.gov/Archives/edgar/data/1652044/000119312525206597/xslF345X05/ownership.xml,https://www.sec.gov/Archives/edgar/data/1652044/000119312525206597/0001193125-25-206597-index.htm
MAG7,Alphabet Inc.,0001652044,4,2025-09-17T00:00:00Z,0001193125-25-206593,2025-09-15,xslF345X05/ownership.xml,4,https://www.sec.gov/Archives/edgar/data/1652044/000119312525206593/xslF345X05/ownership.xml,https://www.sec.gov/Archives/edgar/data/1652044/000119312525206593/0001193125-25-206593-index.htm
MAG7,Alphabet Inc.,0001652044,4,2025-09-17T00:00:00Z,0001193125-25-206585,2025-09-15,xslF345X05/ownership.xml,4,https://www.sec.gov/Archives/edgar/data/1652044/000119312525206585/xslF345X05/ownership.xml,https://www.sec.gov/Archives/edgar/data/1652044/000119312525206585/0001193125-25-206585-index.htm
MAG7,Alphabet Inc.,0001652044,4,2025-09-17T00:00:00Z,0001193125-25-206579,2025-09-15,xslF345X05/ownership.xml,4,https://www.sec.gov/Archives/edgar/data/1652044/000119312525206579/xslF345X05/ownership.xml,https://www.sec.gov/Archives/edgar/data/1652044/000119312525206579/0001193125-25-206579-index.htm
MAG7,Alphabet Inc.,0001652044,4,2025-09-17T00:00:00Z,0001193125-25-206575,2025-09-15,xslF345X05/ownership.xml,4,https://www.sec.gov/Archives/edgar/data/1652044/000119312525206575/xslF345X05/ownership.xml,https://www.sec.gov/Archives/edgar/data/1652044/000119312525206575/0001193125-25-206575-index.htm
MAG7,Alphabet Inc.,0001652044,4,2025-09-17T00:00:00Z,0001193125-25-206564,2025-09-15,xslF345X05/ownership.xml,4,https://www.sec.gov/Archives/edgar/data/1652044/000119312525206564/xslF345X05/ownership.xml,https://www.sec.gov/Archives/edgar/data/1652044/000119312525206564/0001193125-25-206564-index.htm
MAG7,Alphabet Inc.,0001652044,4,2025-09-17T00:00:00Z,0001193125-25-206518,2025-09-15,xslF345X05/ownership.xml,4,https://www.sec.gov/Archives/edgar/data/1652044/000119312525206518/xslF345X05/ownership.xml,https://www.sec.gov/Archives/edgar/data/1652044/000119312525206518/0001193125-25-206518-index.htm
MAG7,Alphabet Inc.,0001652044,4,2025-09-17T00:00:00Z,0001193125-25-206510,2025-09-15,xslF345X05/ownership.xml,4,https://www.sec.gov/Archives/edgar/data/1652044/000119312525206510/xslF345X05/ownership.xml,https://www.sec.gov/Archives/edgar/data/1652044/000119312525206510/0001193125-25-206510-index.htm
MAG7,Alphabet Inc.,0001652044,144,2025-09-17T00:00:00Z,0001950047-25-007260,,xsl144X01/primary_doc.xml,,https://www.sec.gov/Archives/edgar/data/1652044/000195004725007260/xsl144X01/primary_doc.xml,https://www.sec.gov/Archives/edgar/data/1652044/000195004725007260/0001950047-25-007260-index.htm
MAG7,Alphabet Inc.,0001652044,144,2025-09-17T00:00:00Z,0001950047-25-007259,,xsl144X01/primary_doc.xml,,https://www.sec.gov/Archives/edgar/data/1652044/000195004725007259/xsl144X01/primary_doc.xml,https://www.sec.gov/Archives/edgar/data/1652044/000195004725007259/0001950047-25-007259-index.htm
MAG7,"Meta Platforms, Inc.",0001326801,4,2025-09-17T00:00:00Z,0000950103-25-011787,2025-09-15,xslF345X05/dp234403_4-olivan.xml,FORM 4,https://www.sec.gov/Archives/edgar/data/1326801/000095010325011787/xslF345X05/dp234403_4-olivan.xml,https://www.sec.gov/Archives/edgar/data/1326801/000095010325011787/0000950103-25-011787-index.htm
MAG7,"Meta Platforms, Inc.",0001326801,4,2025-09-17T00:00:00Z,0000950103-25-011785,2025-09-15,xslF345X05/dp234404_4-kimmitt.xml,FORM 4,https://www.sec.gov/Archives/edgar/data/1326801/000095010325011785/xslF345X05/dp234404_4-kimmitt.xml,https://www.sec.gov/Archives/edgar/data/1326801/000095010325011785/0000950103-25-011785-index.htm
MAG7,NVIDIA CORP,0001045810,144,2025-09-17T00:00:00Z,0001921094-25-001171,,xsl144X01/primary_doc.xml,,https://www.sec.gov/Archives/edgar/data/1045810/000192109425001171/xsl144X01/primary_doc.xml,https://www.sec.gov/Archives/edgar/data/1045810/000192109425001171/0001921094-25-001171-index.htm
MAG7,"Tesla, Inc.",0001318605,4,2025-09-17T00:00:00Z,0001104659-25-090923,2025-09-15,xslF345X05/tm2526179-1_4seq1.xml,OWNERSHIP DOCUMENT,https://www.sec.gov/Archives/edgar/data/1318605/000110465925090923/xslF345X05/tm2526179-1_4seq1.xml,https://www.sec.gov/Archives/edgar/data/1318605/000110465925090923/0001104659-25-090923-index.htm
MAG7,"Tesla, Inc.",0001318605,DEFA14A,2025-09-17T00:00:00Z,0001104659-25-090888,,tm252289d17_defa14a.htm,DEFA14A,https://www.sec.gov/Archives/edgar/data/1318605/000110465925090888/tm252289d17_defa14a.htm,https://www.sec.gov/Archives/edgar/data/1318605/000110465925090888/0001104659-25-090888-index.htm
MAG7,"Tesla, Inc.",0001318605,DEFA14A,2025-09-17T00:00:00Z,0001104659-25-090886,,tm252289d16_defa14a.htm,DEFA14A,https://www.sec.gov/Archives/edgar/data/1318605/000110465925090886/tm252289d16_defa14a.htm,https://www.sec.gov/Archives/edgar/data/1318605/000110465925090886/0001104659-25-090886-index.htm
MAG7,"Tesla, Inc.",0001318605,DEFA14A,2025-09-17T00:00:00Z,0001104659-25-090884,,tm252289d15_defa14a.htm,DEFA14A,https://www.sec.gov/Archives/edgar/data/1318605/000110465925090884/tm252289d15_defa14a.htm,https://www.sec.gov/Archives/edgar/data/1318605/000110465925090884/0001104659-25-090884-index.htm
MAG7,"Tesla, Inc.",0001318605,ARS,2025-09-17T00:00:00Z,0001104659-25-090875,2024-12-31,tm252787d3_ars.pdf,ARS,https://www.sec.gov/Archives/edgar/data/1318605/000110465925090875/tm252787d3_ars.pdf,https://www.sec.gov/Archives/edgar/data/1318605/000110465925090875/0001104659-25-090875-index.htm
MAG7,"Tesla, Inc.",0001318605,DEFA14A,2025-09-17T00:00:00Z,0001104659-25-090868,,tm252289d14_defa14a.htm,DEFA14A,https://www.sec.gov/Archives/edgar/data/1318605/000110465925090868/tm252289d14_defa14a.htm,https://www.sec.gov/Archives/edgar/data/1318605/000110465925090868/0001104659-25-090868-index.htm
MAG7,"Tesla, Inc.",0001318605,DEF 14A,2025-09-17T00:00:00Z,0001104659-25-090866,2025-11-06,tm252289-12_def14a.htm,FORM DEF 14A,https://www.sec.gov/Archives/edgar/data/1318605/000110465925090866/tm252289-12_def14a.htm,https://www.sec.gov/Archives/edgar/data/1318605/000110465925090866/0001104659-25-090866-index.htm
MAG7,Alphabet Inc.,0001652044,4,2025-09-16T00:00:00Z,0001193125-25-205278,2025-09-15,xslF345X05/ownership.xml,4,https://www.sec.gov/Archives/edgar/data/1652044/000119312525205278/xslF345X05/ownership.xml,https://www.sec.gov/Archives/edgar/data/1652044/000119312525205278/0001193125-25-205278-index.htm
MAG7,Alphabet Inc.,0001652044,4,2025-09-16T00:00:00Z,0001193125-25-205274,2025-09-15,xslF345X05/ownership.xml,4,https://www.sec.gov/Archives/edgar/data/1652044/000119312525205274/xslF345X05/ownership.xml,https://www.sec.gov/Archives/edgar/data/1652044/000119312525205274/0001193125-25-205274-index.htm
MAG7,"Meta Platforms, Inc.",0001326801,144,2025-09-16T00:00:00Z,0001921094-25-001157,,xsl144X01/primary_doc.xml,,https://www.sec.gov/Archives/edgar/data/1326801/000192109425001157/xsl144X01/primary_doc.xml,https://www.sec.gov/Archives/edgar/data/1326801/000192109425001157/0001921094-25-001157-index.htm
MAG7,NVIDIA CORP,0001045810,4,2025-09-16T00:00:00Z,0001768670-25-000008,2025-09-12,xslF345X05/wk-form4_1758066009.xml,FORM 4,https://www.sec.gov/Archives/edgar/data/1045810/000176867025000008/xslF345X05/wk-form4_1758066009.xml,https://www.sec.gov/Archives/edgar/data/1045810/000176867025000008/0001768670-25-000008-index.htm
MAG7,"Tesla, Inc.",0001318605,DEFA14A,2025-09-16T00:00:00Z,0001104659-25-090460,,tm2525295d5_defa14a.htm,DEFA14A,https://www.sec.gov/Archives/edgar/data/1318605/000110465925090460/tm2525295d5_defa14a.htm,https://www.sec.gov/Archives/edgar/data/1318605/000110465925090460/0001104659-25-090460-index.htm
MAG7,MICROSOFT CORP,0000789019,4,2025-09-15T00:00:00Z,0000789019-25-000045,2025-09-15,xslF345X05/form4.xml,STATEMENT OF CHANGES IN BENEFICIAL OWNERSHIP OF SECURITIES,https://www.sec.gov/Archives/edgar/data/789019/000078901925000045/xslF345X05/form4.xml,https://www.sec.gov/Archives/edgar/data/789019/000078901925000045/0000789019-25-000045-index.htm
MAG7,Alphabet Inc.,0001652044,144,2025-09-15T00:00:00Z,0001969223-25-000771,,xsl144X01/primary_doc.xml,,https://www.sec.gov/Archives/edgar/data/1652044/000196922325000771/xsl144X01/primary_doc.xml,https://www.sec.gov/Archives/edgar/data/1652044/000196922325000771/0001969223-25-000771-index.htm
MAG7,"Meta Platforms, Inc.",0001326801,144,2025-09-15T00:00:00Z,0001921094-25-001149,,xsl144X01/primary_doc.xml,,https://www.sec.gov/Archives/edgar/data/1326801/000192109425001149/xsl144X01/primary_doc.xml,https://www.sec.gov/Archives/edgar/data/1326801/000192109425001149/0001921094-25-001149-index.htm
MAG7,"Meta Platforms, Inc.",0001326801,144,2025-09-15T00:00:00Z,0001921094-25-001148,,xsl144X01/primary_doc.xml,,https://www.sec.gov/Archives/edgar/data/1326801/000192109425001148/xsl144X01/primary_doc.xml,https://www.sec.gov/Archives/edgar/data/1326801/000192109425001148/0001921094-25-001148-index.htm
MAG7,"Tesla, Inc.",0001318605,144,2025-09-15T00:00:00Z,0001968582-25-000917,,xsl144X01/primary_doc.xml,,https://www.sec.gov/Archives/edgar/data/1318605/000196858225000917/xsl144X01/primary_doc.xml,https://www.sec.gov/Archives/edgar/data/1318605/000196858225000917/0001968582-25-000917-index.htm
MAG7,"Tesla, Inc.",0001318605,DEFA14A,2025-09-15T00:00:00Z,0001104659-25-090043,,tm2525295d4_defa14a.htm,DEFA14A,https://www.sec.gov/Archives/edgar/data/1318605/000110465925090043/tm2525295d4_defa14a.htm,https://www.sec.gov/Archives/edgar/data/1318605/000110465925090043/0001104659-25-090043-index.htm
MAG7,"Tesla, Inc.",0001318605,4,2025-09-15T00:00:00Z,0001104659-25-089693,2025-09-12,xslF345X05/tm2526050-1_4seq1.xml,OWNERSHIP DOCUMENT,https://www.sec.gov/Archives/edgar/data/1318605/000110465925089693/xslF345X05/tm2526050-1_4seq1.xml,https://www.sec.gov/Archives/edgar/data/1318605/000110465925089693/0001104659-25-089693-index.htm
MAG7,MICROSOFT CORP,0000789019,4,2025-09-12T00:00:00Z,0000789019-25-000043,2025-09-10,xslF345X05/form4.xml,STATEMENT OF CHANGES IN BENEFICIAL OWNERSHIP OF SECURITIES,https://www.sec.gov/Archives/edgar/data/789019/000078901925000043/xslF345X05/form4.xml,https://www.sec.gov/Archives/edgar/data/789019/000078901925000043/0000789019-25-000043-index.htm
MAG7,MICROSOFT CORP,0000789019,4,2025-09-12T00:00:00Z,0000789019-25-000042,2025-09-10,xslF345X05/form4.xml,STATEMENT OF CHANGES IN BENEFICIAL OWNERSHIP OF SECURITIES,https://www.sec.gov/Archives/edgar/data/789019/000078901925000042/xslF345X05/form4.xml,https://www.sec.gov/Archives/edgar/data/789019/000078901925000042/0000789019-25-000042-index.htm
MAG7,MICROSOFT CORP,0000789019,4,2025-09-12T00:00:00Z,0000789019-25-000041,2025-09-10,xslF345X05/form4.xml,STATEMENT OF CHANGES IN BENEFICIAL OWNERSHIP OF SECURITIES,https://www.sec.gov/Archives/edgar/data/789019/000078901925000041/xslF345X05/form4.xml,https://www.sec.gov/Archives/edgar/data/789019/000078901925000041/0000789019-25-000041-index.htm
MAG7,MICROSOFT CORP,0000789019,4,2025-09-12T00:00:00Z,0000789019-25-000040,2025-09-10,xslF345X05/form4.xml,STATEMENT OF CHANGES IN BENEFICIAL OWNERSHIP OF SECURITIES,https://www.sec.gov/Archives/edgar/data/789019/000078901925000040/xslF345X05/form4.xml,https://www.sec.gov/Archives/edgar/data/789019/000078901925000040/0000789019-25-000040-index.htm
MAG7,MICROSOFT CORP,0000789019,4,2025-09-12T00:00:00Z,0000789019-25-000039,2025-09-10,xslF345X05/form4.xml,STATEMENT OF CHANGES IN BENEFICIAL OWNERSHIP OF SECURITIES,https://www.sec.gov/Archives/edgar/data/789019/000078901925000039/xslF345X05/form4.xml,https://www.sec.gov/Archives/edgar/data/789019/000078901925000039/0000789019-25-000039-index.htm
MAG7,MICROSOFT CORP,0000789019,4,2025-09-12T00:00:00Z,0000789019-25-000038,2025-09-10,xslF345X05/form4.xml,STATEMENT OF CHANGES IN BENEFICIAL OWNERSHIP OF SECURITIES,https://www.sec.gov/Archives/edgar/data/789019/000078901925000038/xslF345X05/form4.xml,https://www.sec.gov/Archives/edgar/data/789019/000078901925000038/0000789019-25-000038-index.htm
MAG7,MICROSOFT CORP,0000789019,4,2025-09-12T00:00:00Z,0000789019-25-000037,2025-09-10,xslF345X05/form4.xml,STATEMENT OF CHANGES IN BENEFICIAL OWNERSHIP OF SECURITIES,https://www.sec.gov/Archives/edgar/data/789019/000078901925000037/xslF345X05/form4.xml,https://www.sec.gov/Archives/edgar/data/789019/000078901925000037/0000789019-25-000037-index.htm
MAG7,MICROSOFT CORP,0000789019,4,2025-09-12T00:00:00Z,0000789019-25-000036,2025-09-10,xslF345X05/form4.xml,STATEMENT OF CHANGES IN BENEFICIAL OWNERSHIP OF SECURITIES,https://www.sec.gov/Archives/edgar/data/789019/000078901925000036/xslF345X05/form4.xml,https://www.sec.gov/Archives/edgar/data/789019/000078901925000036/0000789019-25-000036-index.htm
MAG7,MICROSOFT CORP,0000789019,4,2025-09-12T00:00:00Z,0000789019-25-000035,2025-09-10,xslF345X05/form4.xml,STATEMENT OF CHANGES IN BENEFICIAL OWNERSHIP OF SECURITIES,https://www.sec.gov/Archives/edgar/data/789019/000078901925000035/xslF345X05/form4.xml,https://www.sec.gov/Archives/edgar/data/789019/000078901925000035/0000789019-25-000035-index.htm
MAG7,MICROSOFT CORP,0000789019,4,2025-09-12T00:00:00Z,0000789019-25-000034,2025-09-10,xslF345X05/form4.xml,STATEMENT OF CHANGES IN BENEFICIAL OWNERSHIP OF SECURITIES,https://www.sec.gov/Archives/edgar/data/789019/000078901925000034/xslF345X05/form4.xml,https://www.sec.gov/Archives/edgar/data/789019/000078901925000034/0000789019-25-000034-index.htm
MAG7,MICROSOFT CORP,0000789019,4,2025-09-12T00:00:00Z,0000789019-25-000033,2025-09-10,xslF345X05/form4.xml,STATEMENT OF CHANGES IN BENEFICIAL OWNERSHIP OF SECURITIES,https://www.sec.gov/Archives/edgar/data/789019/000078901925000033/xslF345X05/form4.xml,https://www.sec.gov/Archives/edgar/data/789019/000078901925000033/0000789019-25-000033-index.htm
MAG7,"Tesla, Inc.",0001318605,4,2025-09-12T00:00:00Z,0001972928-25-000004,2025-09-11,xslF345X05/edgardoc.xml,PRIMARY DOCUMENT,https://www.sec.gov/Archives/edgar/data/1318605/000197292825000004/xslF345X05/edgardoc.xml,https://www.sec.gov/Archives/edgar/data/1318605/000197292825000004/0001972928-25-000004-index.htm
MAG7,"Tesla, Inc.",0001318605,DEFA14A,2025-09-12T00:00:00Z,0001104659-25-089587,,tm2525295d3_defa14a.htm,DEFA14A,https://www.sec.gov/Archives/edgar/data/1318605/000110465925089587/tm2525295d3_defa14a.htm,https://www.sec.gov/Archives/edgar/data/1318605/000110465925089587/0001104659-25-089587-index.htm
MAG7,MICROSOFT CORP,0000789019,PX14A6G,2025-09-11T00:00:00Z,0001214659-25-013664,,z911251px14a6g.htm,,https://www.sec.gov/Archives/edgar/data/789019/000121465925013664/z911251px14a6g.htm,https://www.sec.gov/Archives/edgar/data/789019/000121465925013664/0001214659-25-013664-index.htm
MAG7,"Meta Platforms, Inc.",0001326801,4,2025-09-11T00:00:00Z,0000950103-25-011556,2025-09-09,xslF345X05/dp234198_4-newstead.xml,FORM 4,https://www.sec.gov/Archives/edgar/data/1326801/000095010325011556/xslF345X05/dp234198_4-newstead.xml,https://www.sec.gov/Archives/edgar/data/1326801/000095010325011556/0000950103-25-011556-index.htm
MAG7,"Tesla, Inc.",0001318605,144,2025-09-11T00:00:00Z,0001950047-25-006983,,xsl144X01/primary_doc.xml,,https://www.sec.gov/Archives/edgar/data/1318605/000195004725006983/xsl144X01/primary_doc.xml,https://www.sec.gov/Archives/edgar/data/1318605/000195004725006983/0001950047-25-006983-index.htm
MAG7,AMAZON COM INC,0001018724,4,2025-09-10T00:00:00Z,0001018724-25-000118,2025-09-10,xslF345X05/wk-form4_1757544731.xml,FORM 4,https://www.sec.gov/Archives/edgar/data/1018724/000101872425000118/xslF345X05/wk-form4_1757544731.xml,https://www.sec.gov/Archives/edgar/data/1018724/000101872425000118/0001018724-25-000118-index.htm
MAG7,AMAZON COM INC,0001018724,4,2025-09-10T00:00:00Z,0001018724-25-000116,2025-09-10,xslF345X05/wk-form4_1757544280.xml,FORM 4,https://www.sec.gov/Archives/edgar/data/1018724/000101872425000116/xslF345X05/wk-form4_1757544280.xml,https://www.sec.gov/Archives/edgar/data/1018724/000101872425000116/0001018724-25-000116-index.htm
MAG7,AMAZON COM INC,0001018724,4,2025-09-10T00:00:00Z,0001018724-25-000114,2025-09-10,xslF345X05/wk-form4_1757543873.xml,FORM 4,https://www.sec.gov/Archives/edgar/data/1018724/000101872425000114/xslF345X05/wk-form4_1757543873.xml,https://www.sec.gov/Archives/edgar/data/1018724/000101872425000114/0001018724-25-000114-index.htm
MAG7,"Meta Platforms, Inc.",0001326801,4,2025-09-10T00:00:00Z,0000950103-25-011509,2025-09-08,xslF345X05/dp234122_4-olivan.xml,FORM 4,https://www.sec.gov/Archives/edgar/data/1326801/000095010325011509/xslF345X05/dp234122_4-olivan.xml,https://www.sec.gov/Archives/edgar/data/1326801/000095010325011509/0000950103-25-011509-index.htm
MAG7,"Meta Platforms, Inc.",0001326801,144,2025-09-09T00:00:00Z,0001921094-25-001122,,xsl144X01/primary_doc.xml,,https://www.sec.gov/Archives/edgar/data/1326801/000192109425001122/xsl144X01/primary_doc.xml,https://www.sec.gov/Archives/edgar/data/1326801/000192109425001122/0001921094-25-001122-index.htm
MAG7,"Tesla, Inc.",0001318605,4,2025-09-09T00:00:00Z,0001104659-25-088703,2025-09-05,xslF345X05/tm2525620-1_4seq1.xml,OWNERSHIP DOCUMENT,https://www.sec.gov/Archives/edgar/data/1318605/000110465925088703/xslF345X05/tm2525620-1_4seq1.xml,https://www.sec.gov/Archives/edgar/data/1318605/000110465925088703/0001104659-25-088703-index.htm
MAG7,"Meta Platforms, Inc.",0001326801,144,2025-09-08T00:00:00Z,0001921094-25-001107,,xsl144X01/primary_doc.xml,,https://www.sec.gov/Archives/edgar/data/1326801/000192109425001107/xsl144X01/primary_doc.xml,https://www.sec.gov/Archives/edgar/data/1326801/000192109425001107/0001921094-25-001107-index.htm
TON,"TON Strategy Co  (TONX, VERB)  (CIK 0001566610)",0001566610,8-K,2025-09-05T00:00:00Z,0001493152-25-012756,,,,,https://www.sec.gov/Archives/edgar/data/1566610/000149315225012756/0001493152-25-012756-index.htm
MAG7,Alphabet Inc.,0001652044,4,2025-09-05T00:00:00Z,0000950170-25-113278,2025-09-03,xslF345X05/ownership.xml,4,https://www.sec.gov/Archives/edgar/data/1652044/000095017025113278/xslF345X05/ownership.xml,https://www.sec.gov/Archives/edgar/data/1652044/000095017025113278/0000950170-25-113278-index.htm
MAG7,Alphabet Inc.,0001652044,8-K,2025-09-05T00:00:00Z,0001652044-25-000074,2025-09-05,goog-20250905.htm,8-K,https://www.sec.gov/Archives/edgar/data/1652044/000165204425000074/goog-20250905.htm,https://www.sec.gov/Archives/edgar/data/1652044/000165204425000074/0001652044-25-000074-index.htm
MAG7,MICROSOFT CORP,0000789019,4,2025-09-04T00:00:00Z,0000789019-25-000020,2025-09-02,xslF345X05/form4.xml,STATEMENT OF CHANGES IN BENEFICIAL OWNERSHIP OF SECURITIES,https://www.sec.gov/Archives/edgar/data/789019/000078901925000020/xslF345X05/form4.xml,https://www.sec.gov/Archives/edgar/data/789019/000078901925000020/0000789019-25-000020-index.htm
MAG7,AMAZON COM INC,0001018724,4,2025-09-04T00:00:00Z,0001018724-25-000112,2025-09-02,xslF345X05/wk-form4_1757021968.xml,FORM 4,https://www.sec.gov/Archives/edgar/data/1018724/000101872425000112/xslF345X05/wk-form4_1757021968.xml,https://www.sec.gov/Archives/edgar/data/1018724/000101872425000112/0001018724-25-000112-index.htm
MAG7,"Meta Platforms, Inc.",0001326801,4,2025-09-04T00:00:00Z,0000950103-25-011299,2025-09-02,xslF345X05/dp233881_4-newstead.xml,FORM 4,https://www.sec.gov/Archives/edgar/data/1326801/000095010325011299/xslF345X05/dp233881_4-newstead.xml,https://www.sec.gov/Archives/edgar/data/1326801/000095010325011299/0000950103-25-011299-index.htm
MAG7,"Meta Platforms, Inc.",0001326801,4,2025-09-04T00:00:00Z,0000950103-25-011298,2025-09-02,xslF345X05/dp233880_4-olivan.xml,FORM 4,https://www.sec.gov/Archives/edgar/data/1326801/000095010325011298/xslF345X05/dp233880_4-olivan.xml,https://www.sec.gov/Archives/edgar/data/1326801/000095010325011298/0000950103-25-011298-index.htm
BTC,"Gryphon Digital Mining, Inc.  (GRYP)  (CIK 0001755953)",0001755953,8-K,2025-09-03T00:00:00Z,0001213900-25-083726,,,,,https://www.sec.gov/Archives/edgar/data/1755953/000121390025083726/0001213900-25-083726-index.htm
TON,PORTAGE BIOTECH INC.  (PRTG)  (CIK 0001095435),0001095435,6-K,2025-09-03T00:00:00Z,0001171843-25-005698,,,,,https://www.sec.gov/Archives/edgar/data/1095435/000117184325005698/0001171843-25-005698-index.htm
MAG7,Alphabet Inc.,0001652044,8-K,2025-09-03T00:00:00Z,0001652044-25-000067,2025-09-02,goog-20250902.htm,8-K,https://www.sec.gov/Archives/edgar/data/1652044/000165204425000067/goog-20250902.htm,https://www.sec.gov/Archives/edgar/data/1652044/000165204425000067/0001652044-25-000067-index.htm
MAG7,Alphabet Inc.,0001652044,144,2025-09-03T00:00:00Z,0001950047-25-006714,,xsl144X01/primary_doc.xml,,https://www.sec.gov/Archives/edgar/data/1652044/000195004725006714/xsl144X01/primary_doc.xml,https://www.sec.gov/Archives/edgar/data/1652044/000195004725006714/0001950047-25-006714-index.htm
MAG7,AMAZON COM INC,0001018724,4,2025-09-02T00:00:00Z,0001018724-25-000110,2025-08-28,xslF345X05/wk-form4_1756846328.xml,FORM 4,https://www.sec.gov/Archives/edgar/data/1018724/000101872425000110/xslF345X05/wk-form4_1756846328.xml,https://www.sec.gov/Archives/edgar/data/1018724/000101872425000110/0001018724-25-000110-index.htm
MAG7,"Meta Platforms, Inc.",0001326801,144,2025-09-02T00:00:00Z,0001921094-25-001062,,xsl144X01/primary_doc.xml,,https://www.sec.gov/Archives/edgar/data/1326801/000192109425001062/xsl144X01/primary_doc.xml,https://www.sec.gov/Archives/edgar/data/1326801/000192109425001062/0001921094-25-001062-index.htm
MAG7,"Meta Platforms, Inc.",0001326801,144,2025-09-02T00:00:00Z,0001921094-25-001061,,xsl144X01/primary_doc.xml,,https://www.sec.gov/Archives/edgar/data/1326801/000192109425001061/xsl144X01/primary_doc.xml,https://www.sec.gov/Archives/edgar/data/1326801/000192109425001061/0001921094-25-001061-index.htm
MAG7,Apple Inc.,0000320193,4,2025-08-29T00:00:00Z,0001214128-25-000005,2025-08-28,xslF345X05/wk-form4_1756506606.xml,FORM 4,https://www.sec.gov/Archives/edgar/data/320193/000121412825000005/xslF345X05/wk-form4_1756506606.xml,https://www.sec.gov/Archives/edgar/data/320193/000121412825000005/0001214128-25-000005-index.htm
BTC,"Cantor Equity Partners I, Inc.  (CEPO)  (CIK 0002027708)",0002027708,425,2025-08-28T00:00:00Z,0001213900-25-081877,,,,,https://www.sec.gov/Archives/edgar/data/2027708/000121390025081877/0001213900-25-081877-index.htm
MAG7,Apple Inc.,0000320193,144,2025-08-28T00:00:00Z,0001921094-25-001042,,xsl144X01/primary_doc.xml,,https://www.sec.gov/Archives/edgar/data/320193/000192109425001042/xsl144X01/primary_doc.xml,https://www.sec.gov/Archives/edgar/data/320193/000192109425001042/0001921094-25-001042-index.htm
MAG7,"Meta Platforms, Inc.",0001326801,4,2025-08-28T00:00:00Z,0000950103-25-010935,2025-08-26,xslF345X05/dp233505_4-anderson.xml,FORM 4,https://www.sec.gov/Archives/edgar/data/1326801/000095010325010935/xslF345X05/dp233505_4-anderson.xml,https://www.sec.gov/Archives/edgar/data/1326801/000095010325010935/0000950103-25-010935-index.htm
MAG7,"Meta Platforms, Inc.",0001326801,4,2025-08-28T00:00:00Z,0000950103-25-010933,2025-08-26,xslF345X05/dp233504_4-newstead.xml,FORM 4,https://www.sec.gov/Archives/edgar/data/1326801/000095010325010933/xslF345X05/dp233504_4-newstead.xml,https://www.sec.gov/Archives/edgar/data/1326801/000095010325010933/0000950103-25-010933-index.htm
MAG7,Apple Inc.,0000320193,4,2025-08-27T00:00:00Z,0001631982-25-000007,2025-08-25,xslF345X05/wk-form4_1756333811.xml,FORM 4,https://www.sec.gov/Archives/edgar/data/320193/000163198225000007/xslF345X05/wk-form4_1756333811.xml,https://www.sec.gov/Archives/edgar/data/320193/000163198225000007/0001631982-25-000007-index.htm
MAG7,AMAZON COM INC,0001018724,N-PX,2025-08-27T00:00:00Z,0001104659-25-084022,2025-06-30,xslN-PX_X01/primary_doc.xml,,https://www.sec.gov/Archives/edgar/data/1018724/000110465925084022/xslN-PX_X01/primary_doc.xml,https://www.sec.gov/Archives/edgar/data/1018724/000110465925084022/0001104659-25-084022-index.htm
MAG7,"Meta Platforms, Inc.",0001326801,4,2025-08-27T00:00:00Z,0000950103-25-010816,2025-08-25,xslF345X05/dp233408_4-olivan.xml,FORM 4,https://www.sec.gov/Archives/edgar/data/1326801/000095010325010816/xslF345X05/dp233408_4-olivan.xml,https://www.sec.gov/Archives/edgar/data/1326801/000095010325010816/0000950103-25-010816-index.htm
MAG7,"Meta Platforms, Inc.",0001326801,144,2025-08-26T00:00:00Z,0001921094-25-001034,,xsl144X01/primary_doc.xml,,https://www.sec.gov/Archives/edgar/data/1326801/000192109425001034/xsl144X01/primary_doc.xml,https://www.sec.gov/Archives/edgar/data/1326801/000192109425001034/0001921094-25-001034-index.htm
MAG7,AMAZON COM INC,0001018724,4,2025-08-25T00:00:00Z,0001018724-25-000108,2025-08-21,xslF345X05/wk-form4_1756157026.xml,FORM 4,https://www.sec.gov/Archives/edgar/data/1018724/000101872425000108/xslF345X05/wk-form4_1756157026.xml,https://www.sec.gov/Archives/edgar/data/1018724/000101872425000108/0001018724-25-000108-index.htm
MAG7,AMAZON COM INC,0001018724,4,2025-08-25T00:00:00Z,0001018724-25-000106,2025-08-21,xslF345X05/wk-form4_1756156562.xml,FORM 4,https://www.sec.gov/Archives/edgar/data/1018724/000101872425000106/xslF345X05/wk-form4_1756156562.xml,https://www.sec.gov/Archives/edgar/data/1018724/000101872425000106/0001018724-25-000106-index.htm
MAG7,AMAZON COM INC,0001018724,4,2025-08-25T00:00:00Z,0001018724-25-000104,2025-08-21,xslF345X05/wk-form4_1756156078.xml,FORM 4,https://www.sec.gov/Archives/edgar/data/1018724/000101872425000104/xslF345X05/wk-form4_1756156078.xml,https://www.sec.gov/Archives/edgar/data/1018724/000101872425000104/0001018724-25-000104-index.htm
MAG7,AMAZON COM INC,0001018724,4,2025-08-25T00:00:00Z,0001018724-25-000102,2025-08-21,xslF345X05/wk-form4_1756155507.xml,FORM 4,https://www.sec.gov/Archives/edgar/data/1018724/000101872425000102/xslF345X05/wk-form4_1756155507.xml,https://www.sec.gov/Archives/edgar/data/1018724/000101872425000102/0001018724-25-000102-index.htm
MAG7,AMAZON COM INC,0001018724,4,2025-08-25T00:00:00Z,0001018724-25-000100,2025-08-21,xslF345X05/wk-form4_1756155091.xml,FORM 4,https://www.sec.gov/Archives/edgar/data/1018724/000101872425000100/xslF345X05/wk-form4_1756155091.xml,https://www.sec.gov/Archives/edgar/data/1018724/000101872425000100/0001018724-25-000100-index.htm
MAG7,AMAZON COM INC,0001018724,4,2025-08-25T00:00:00Z,0001018724-25-000098,2025-08-21,xslF345X05/wk-form4_1756154458.xml,FORM 4,https://www.sec.gov/Archives/edgar/data/1018724/000101872425000098/xslF345X05/wk-form4_1756154458.xml,https://www.sec.gov/Archives/edgar/data/1018724/000101872425000098/0001018724-25-000098-index.htm
MAG7,AMAZON COM INC,0001018724,144,2025-08-22T00:00:00Z,0001959173-25-005432,,xsl144X01/primary_doc.xml,,https://www.sec.gov/Archives/edgar/data/1018724/000195917325005432/xsl144X01/primary_doc.xml,https://www.sec.gov/Archives/edgar/data/1018724/000195917325005432/0001959173-25-005432-index.htm
MAG7,AMAZON COM INC,0001018724,144,2025-08-21T00:00:00Z,0001950047-25-006180,,xsl144X01/primary_doc.xml,,https://www.sec.gov/Archives/edgar/data/1018724/000195004725006180/xsl144X01/primary_doc.xml,https://www.sec.gov/Archives/edgar/data/1018724/000195004725006180/0001950047-25-006180-index.htm
MAG7,AMAZON COM INC,0001018724,144,2025-08-21T00:00:00Z,0001959173-25-005413,,xsl144X01/primary_doc.xml,,https://www.sec.gov/Archives/edgar/data/1018724/000195917325005413/xsl144X01/primary_doc.xml,https://www.sec.gov/Archives/edgar/data/1018724/000195917325005413/0001959173-25-005413-index.htm
MAG7,AMAZON COM INC,0001018724,144,2025-08-21T00:00:00Z,0001959173-25-005412,,xsl144X01/primary_doc.xml,,https://www.sec.gov/Archives/edgar/data/1018724/000195917325005412/xsl144X01/primary_doc.xml,https://www.sec.gov/Archives/edgar/data/1018724/000195917325005412/0001959173-25-005412-index.htm
MAG7,AMAZON COM INC,0001018724,144,2025-08-21T00:00:00Z,0001959173-25-005411,,xsl144X01/primary_doc.xml,,https://www.sec.gov/Archives/edgar/data/1018724/000195917325005411/xsl144X01/primary_doc.xml,https://www.sec.gov/Archives/edgar/data/1018724/000195917325005411/0001959173-25-005411-index.htm
MAG7,AMAZON COM INC,0001018724,144,2025-08-21T00:00:00Z,0002007317-25-000924,,xsl144X01/primary_doc.xml,,https://www.sec.gov/Archives/edgar/data/1018724/000200731725000924/xsl144X01/primary_doc.xml,https://www.sec.gov/Archives/edgar/data/1018724/000200731725000924/0002007317-25-000924-index.htm
MAG7,AMAZON COM INC,0001018724,4,2025-08-19T00:00:00Z,0001018724-25-000096,2025-08-15,xslF345X05/wk-form4_1755637891.xml,FORM 4,https://www.sec.gov/Archives/edgar/data/1018724/000101872425000096/xslF345X05/wk-form4_1755637891.xml,https://www.sec.gov/Archives/edgar/data/1018724/000101872425000096/0001018724-25-000096-index.htm
MAG7,AMAZON COM INC,0001018724,4,2025-08-18T00:00:00Z,0001018724-25-000094,2025-08-14,xslF345X05/wk-form4_1755549085.xml,FORM 4,https://www.sec.gov/Archives/edgar/data/1018724/000101872425000094/xslF345X05/wk-form4_1755549085.xml,https://www.sec.gov/Archives/edgar/data/1018724/000101872425000094/0001018724-25-000094-index.htm
BTC,VanEck Bitcoin ETF  (HODL)  (CIK 0001838028),0001838028,10-Q,2025-08-13T00:00:00Z,0000930413-25-002440,,,,,https://www.sec.gov/Archives/edgar/data/1838028/000093041325002440/0000930413-25-002440-index.htm
MAG7,Apple Inc.,0000320193,4,2025-08-12T00:00:00Z,0001767094-25-000005,2025-08-08,xslF345X05/wk-form4_1755037816.xml,FORM 4,https://www.sec.gov/Archives/edgar/data/320193/000176709425000005/xslF345X05/wk-form4_1755037816.xml,https://www.sec.gov/Archives/edgar/data/320193/000176709425000005/0001767094-25-000005-index.htm
MAG7,Apple Inc.,0000320193,144,2025-08-08T00:00:00Z,0001969223-25-000586,,xsl144X01/primary_doc.xml,,https://www.sec.gov/Archives/edgar/data/320193/000196922325000586/xsl144X01/primary_doc.xml,https://www.sec.gov/Archives/edgar/data/320193/000196922325000586/0001969223-25-000586-index.htm
TON,"CF Industries Holdings, Inc.  (CF)  (CIK 0001324404)",0001324404,8-K,2025-08-06T00:00:00Z,0001324404-25-000022,,,,,https://www.sec.gov/Archives/edgar/data/1324404/000132440425000022/0001324404-25-000022-index.htm
BTC,Bitwise Funds Trust  (CIK 0001928561),0001928561,497K,2025-08-01T00:00:00Z,0001213900-25-070694,,,,,https://www.sec.gov/Archives/edgar/data/1928561/000121390025070694/0001213900-25-070694-index.htm
MAG7,Apple Inc.,0000320193,10-Q,2025-08-01T00:00:00Z,0000320193-25-000073,2025-06-28,aapl-20250628.htm,10-Q,https://www.sec.gov/Archives/edgar/data/320193/000032019325000073/aapl-20250628.htm,https://www.sec.gov/Archives/edgar/data/320193/000032019325000073/0000320193-25-000073-index.htm
BTC,Fidelity Wise Origin Bitcoin Fund  (FBTC)  (CIK 0001852317),0001852317,424B3,2025-07-31T00:00:00Z,0001193125-25-170577,,,,,https://www.sec.gov/Archives/edgar/data/1852317/000119312525170577/0001193125-25-170577-index.htm
BTC,Bitwise Bitcoin ETF  (BITB)  (CIK 0001763415),0001763415,S-3/A,2025-07-31T00:00:00Z,0001213900-25-069756,,,,,https://www.sec.gov/Archives/edgar/data/1763415/000121390025069756/0001213900-25-069756-index.htm
MAG7,Apple Inc.,0000320193,8-K,2025-07-31T00:00:00Z,0000320193-25-000071,2025-07-31,aapl-20250731.htm,8-K,https://www.sec.gov/Archives/edgar/data/320193/000032019325000071/aapl-20250731.htm,https://www.sec.gov/Archives/edgar/data/320193/000032019325000071/0000320193-25-000071-index.htm
BTC,Bitwise Bitcoin ETF  (BITB)  (CIK 0001763415),0001763415,S-3/A,2025-07-29T00:00:00Z,0001213900-25-068806,,,,,https://www.sec.gov/Archives/edgar/data/1763415/000121390025068806/0001213900-25-068806-index.htm
MAG7,Apple Inc.,0000320193,SCHEDULE 13G/A,2025-07-29T00:00:00Z,0000932471-25-000778,,xslSCHEDULE_13G_X01/primary_doc.xml,,https://www.sec.gov/Archives/edgar/data/320193/000093247125000778/xslSCHEDULE_13G_X01/primary_doc.xml,https://www.sec.gov/Archives/edgar/data/320193/000093247125000778/0000932471-25-000778-index.htm
MAG7,Apple Inc.,0000320193,3,2025-07-25T00:00:00Z,0000320193-25-000066,2025-07-25,xslF345X02/wk-form3_1753482781.xml,FORM 3,https://www.sec.gov/Archives/edgar/data/320193/000032019325000066/xslF345X02/wk-form3_1753482781.xml,https://www.sec.gov/Archives/edgar/data/320193/000032019325000066/0000320193-25-000066-index.htm
MAG7,Apple Inc.,0000320193,8-K,2025-07-25T00:00:00Z,0001140361-25-027340,2025-07-21,ef20052355_8k.htm,8-K,https://www.sec.gov/Archives/edgar/data/320193/000114036125027340/ef20052355_8k.htm,https://www.sec.gov/Archives/edgar/data/320193/000114036125027340/0001140361-25-027340-index.htm
BTC,"Cantor Equity Partners I, Inc.  (CEPO)  (CIK 0002027708)",0002027708,8-K,2025-07-17T00:00:00Z,0001213900-25-064922,,,,,https://www.sec.gov/Archives/edgar/data/2027708/000121390025064922/0001213900-25-064922-index.htm
MAG7,Apple Inc.,0000320193,8-K,2025-07-09T00:00:00Z,0001140361-25-025275,2025-07-08,ef20051741_8k.htm,8-K,https://www.sec.gov/Archives/edgar/data/320193/000114036125025275/ef20051741_8k.htm,https://www.sec.gov/Archives/edgar/data/320193/000114036125025275/0001140361-25-025275-index.htm
BTC,SEQUANS COMMUNICATIONS  (SQNS)  (CIK 0001383395),0001383395,6-K,2025-07-01T00:00:00Z,0001383395-25-000051,,,,,https://www.sec.gov/Archives/edgar/data/1383395/000138339525000051/0001383395-25-000051-index.htm
BTC,Volatility Shares Trust  (CIK 0001884021),0001884021,497K,2025-06-30T00:00:00Z,0001213900-25-059537,,,,,https://www.sec.gov/Archives/edgar/data/1884021/000121390025059537/0001213900-25-059537-index.htm
MAG7,Apple Inc.,0000320193,25-NSE,2025-05-22T00:00:00Z,0001354457-25-000451,,xslF25X02/primary_doc.xml,,https://www.sec.gov/Archives/edgar/data/320193/000135445725000451/xslF25X02/primary_doc.xml,https://www.sec.gov/Archives/edgar/data/320193/000135445725000451/0001354457-25-000451-index.htm
MAG7,Apple Inc.,0000320193,4,2025-05-14T00:00:00Z,0000320193-25-000059,2025-05-12,xslF345X05/wk-form4_1747261821.xml,FORM 4,https://www.sec.gov/Archives/edgar/data/320193/000032019325000059/xslF345X05/wk-form4_1747261821.xml,https://www.sec.gov/Archives/edgar/data/320193/000032019325000059/0000320193-25-000059-index.htm
BTC,"Kindly MD, Inc.  (KDLY, KDLYW)  (CIK 0001946573)",0001946573,8-K,2025-05-12T00:00:00Z,0001213900-25-041722,,,,,https://www.sec.gov/Archives/edgar/data/1946573/000121390025041722/0001213900-25-041722-index.htm
MAG7,Apple Inc.,0000320193,8-K,2025-05-12T00:00:00Z,0001140361-25-018400,2025-05-05,ef20048691_8k.htm,8-K,https://www.sec.gov/Archives/edgar/data/320193/000114036125018400/ef20048691_8k.htm,https://www.sec.gov/Archives/edgar/data/320193/000114036125018400/0001140361-25-018400-index.htm
MAG7,Apple Inc.,0000320193,424B2,2025-05-06T00:00:00Z,0001140361-25-017543,,ny20048442x3_424b2.htm,424B2,https://www.sec.gov/Archives/edgar/data/320193/000114036125017543/ny20048442x3_424b2.htm,https://www.sec.gov/Archives/edgar/data/320193/000114036125017543/0001140361-25-017543-index.htm
MAG7,Apple Inc.,0000320193,FWP,2025-05-06T00:00:00Z,0001140361-25-017410,,ny20048442x2_fwp.htm,FWP,https://www.sec.gov/Archives/edgar/data/320193/000114036125017410/ny20048442x2_fwp.htm,https://www.sec.gov/Archives/edgar/data/320193/000114036125017410/0001140361-25-017410-index.htm
MAG7,Apple Inc.,0000320193,424B2,2025-05-05T00:00:00Z,0001140361-25-017233,,ny20048442x1_424b2.htm,424B2,https://www.sec.gov/Archives/edgar/data/320193/000114036125017233/ny20048442x1_424b2.htm,https://www.sec.gov/Archives/edgar/data/320193/000114036125017233/0001140361-25-017233-index.htm
MAG7,Apple Inc.,0000320193,10-Q,2025-05-02T00:00:00Z,0000320193-25-000057,2025-03-29,aapl-20250329.htm,10-Q,https://www.sec.gov/Archives/edgar/data/320193/000032019325000057/aapl-20250329.htm,https://www.sec.gov/Archives/edgar/data/320193/000032019325000057/0000320193-25-000057-index.htm
BTC,Bitwise Funds Trust  (CIK 0001928561),0001928561,497K,2025-05-01T00:00:00Z,0001213900-25-037783,,,,,https://www.sec.gov/Archives/edgar/data/1928561/000121390025037783/0001213900-25-037783-index.htm
MAG7,Apple Inc.,0000320193,8-K,2025-05-01T00:00:00Z,0000320193-25-000055,2025-05-01,aapl-20250501.htm,8-K,https://www.sec.gov/Archives/edgar/data/320193/000032019325000055/aapl-20250501.htm,https://www.sec.gov/Archives/edgar/data/320193/000032019325000055/0000320193-25-000055-index.htm
BTC,Amplify ETF Trust  (CIK 0001633061),0001633061,497K,2025-04-29T00:00:00Z,0001213900-25-036219,,,,,https://www.sec.gov/Archives/edgar/data/1633061/000121390025036219/0001213900-25-036219-index.htm
MAG7,Apple Inc.,0000320193,4,2025-04-25T00:00:00Z,0000320193-25-000051,2025-04-23,xslF345X05/wk-form4_1745620207.xml,FORM 4,https://www.sec.gov/Archives/edgar/data/320193/000032019325000051/xslF345X05/wk-form4_1745620207.xml,https://www.sec.gov/Archives/edgar/data/320193/000032019325000051/0000320193-25-000051-index.htm
BTC,Invesco Galaxy Bitcoin ETF  (BTCO)  (CIK 0001855781),0001855781,424B3,2025-04-14T00:00:00Z,0001193125-25-080223,,,,,https://www.sec.gov/Archives/edgar/data/1855781/000119312525080223/0001193125-25-080223-index.htm
BTC,Calamos ETF Trust  (CIK 0001579881),0001579881,497K,2025-04-08T00:00:00Z,0001104659-25-032722,,,,,https://www.sec.gov/Archives/edgar/data/1579881/000110465925032722/0001104659-25-032722-index.htm
BTC,Calamos ETF Trust  (CIK 0001579881),0001579881,497,2025-04-08T00:00:00Z,0001104659-25-032720,,,,,https://www.sec.gov/Archives/edgar/data/1579881/000110465925032720/0001104659-25-032720-index.htm
BTC,FIRST TRUST EXCHANGE-TRADED FUND  (CIK 0001329377),0001329377,497K,2025-04-04T00:00:00Z,0001445546-25-002434,,,,,https://www.sec.gov/Archives/edgar/data/1329377/000144554625002434/0001445546-25-002434-index.htm
BTC,Innovator ETFs Trust  (CIK 0001415726),0001415726,497,2025-04-01T00:00:00Z,0001213900-25-026697,,,,,https://www.sec.gov/Archives/edgar/data/1415726/000121390025026697/0001213900-25-026697-index.htm
BTC,Grayscale Funds Trust  (CIK 0001976672),0001976672,497K,2025-04-01T00:00:00Z,0001999371-25-003621,,,,,https://www.sec.gov/Archives/edgar/data/1976672/000199937125003621/0001999371-25-003621-index.htm
BTC,VanEck Bitcoin ETF  (HODL)  (CIK 0001838028),0001838028,424B3,2025-03-26T00:00:00Z,0000930413-25-001001,,,,,https://www.sec.gov/Archives/edgar/data/1838028/000093041325001001/0000930413-25-001001-index.htm
BTC,PROSHARES TRUST  (CIK 0001174610),0001174610,CORRESP,2025-03-25T00:00:00Z,0001683863-25-002457,,,,,https://www.sec.gov/Archives/edgar/data/1174610/000168386325002457/0001683863-25-002457-index.htm
BTC,iShares Bitcoin Trust ETF  (IBIT)  (CIK 0001980994),0001980994,10-K,2025-03-05T00:00:00Z,0001437749-25-006260,,,,,https://www.sec.gov/Archives/edgar/data/1980994/000143774925006260/0001437749-25-006260-index.htm
BTC,Global X Funds  (CIK 0001432353),0001432353,497K,2025-02-26T00:00:00Z,0001432353-25-000076,,,,,https://www.sec.gov/Archives/edgar/data/1432353/000143235325000076/0001432353-25-000076-index.htm
BTC,Volatility Shares Trust  (CIK 0001884021),0001884021,497K,2025-02-19T00:00:00Z,0001213900-25-015195,,,,,https://www.sec.gov/Archives/edgar/data/1884021/000121390025015195/0001213900-25-015195-index.htm
BTC,Volatility Shares Trust  (CIK 0001884021),0001884021,485BPOS,2025-02-14T00:00:00Z,0001213900-25-013722,,,,,https://www.sec.gov/Archives/edgar/data/1884021/000121390025013722/0001213900-25-013722-index.htm
TON,"HECLA MINING CO/DE/  (HL, HL-PB)  (CIK 0000719413)",0000719413,8-K,2025-02-12T00:00:00Z,0001437749-25-003591,,,,,https://www.sec.gov/Archives/edgar/data/719413/000143774925003591/0001437749-25-003591-index.htm
BTC,Simplify Exchange Traded Funds  (CIK 0001810747),0001810747,497K,2025-02-06T00:00:00Z,0001829126-25-000766,,,,,https://www.sec.gov/Archives/edgar/data/1810747/000182912625000766/0001829126-25-000766-index.htm
BTC,Calamos ETF Trust  (CIK 0001579881),0001579881,497K,2025-02-04T00:00:00Z,0001104659-25-009207,,,,,https://www.sec.gov/Archives/edgar/data/1579881/000110465925009207/0001104659-25-009207-index.htm
BTC,Calamos ETF Trust  (CIK 0001579881),0001579881,497,2025-02-04T00:00:00Z,0001104659-25-009202,,,,,https://www.sec.gov/Archives/edgar/data/1579881/000110465925009202/0001104659-25-009202-index.htm
BTC,Calamos ETF Trust  (CIK 0001579881),0001579881,485BPOS,2025-01-31T00:00:00Z,0001104659-25-008073,,,,,https://www.sec.gov/Archives/edgar/data/1579881/000110465925008073/0001104659-25-008073-index.htm
BTC,Valkyrie ETF Trust II  (CIK 0001877493),0001877493,497K,2025-01-31T00:00:00Z,0001213900-25-008819,,,,,https://www.sec.gov/Archives/edgar/data/1877493/000121390025008819/0001213900-25-008819-index.htm
BTC,Valkyrie ETF Trust II  (CIK 0001877493),0001877493,497K,2025-01-31T00:00:00Z,0001213900-25-008814,,,,,https://www.sec.gov/Archives/edgar/data/1877493/000121390025008814/0001213900-25-008814-index.htm
BTC,Calamos ETF Trust  (CIK 0001579881),0001579881,485APOS,2024-11-20T00:00:00Z,0001104659-24-121067,,,,,https://www.sec.gov/Archives/edgar/data/1579881/000110465924121067/0001104659-24-121067-index.htm
BTC,GraniteShares ETF Trust  (CIK 0001689873),0001689873,497K,2024-11-14T00:00:00Z,0001493152-24-045602,,,,,https://www.sec.gov/Archives/edgar/data/1689873/000149315224045602/0001493152-24-045602-index.htm
TON,"Ramaco Resources, Inc.  (METC, METCB, METCL)  (CIK 0001687187)",0001687187,8-K,2024-11-04T00:00:00Z,0001558370-24-014264,,,,,https://www.sec.gov/Archives/edgar/data/1687187/000155837024014264/0001558370-24-014264-index.htm
TON,"CF Industries Holdings, Inc.  (CF)  (CIK 0001324404)",0001324404,8-K,2024-10-30T00:00:00Z,0001324404-24-000024,,,,,https://www.sec.gov/Archives/edgar/data/1324404/000132440424000024/0001324404-24-000024-index.htm
BTC,NEOS ETF Trust  (CIK 0001848758),0001848758,CORRESP,2024-10-08T00:00:00Z,0001999371-24-013109,,,,,https://www.sec.gov/Archives/edgar/data/1848758/000199937124013109/0001999371-24-013109-index.htm
BTC,PROSHARES TRUST  (CIK 0001174610),0001174610,497K,2024-09-26T00:00:00Z,0001683863-24-005640,,,,,https://www.sec.gov/Archives/edgar/data/1174610/000168386324005640/0001683863-24-005640-index.htm
TON,"CF Industries Holdings, Inc.  (CF)  (CIK 0001324404)",0001324404,8-K,2024-08-07T00:00:00Z,0001324404-24-000018,,,,,https://www.sec.gov/Archives/edgar/data/1324404/000132440424000018/0001324404-24-000018-index.htm
TON,"Ramaco Resources, Inc.  (METC, METCB, METCL)  (CIK 0001687187)",0001687187,8-K,2024-08-07T00:00:00Z,0001558370-24-011346,,,,,https://www.sec.gov/Archives/edgar/data/1687187/000155837024011346/0001558370-24-011346-index.htm
BTC,Fidelity Wise Origin Bitcoin Fund  (FBTC)  (CIK 0001852317),0001852317,POS AM,2024-08-01T00:00:00Z,0001193125-24-191602,,,,,https://www.sec.gov/Archives/edgar/data/1852317/000119312524191602/0001193125-24-191602-index.htm
BTC,"FTAC Emerald Acquisition Corp.  (FLD, FLDDU, FLDDW)  (CIK 0001889123)",0001889123,8-K,2024-07-24T00:00:00Z,0001213900-24-063749,,,,,https://www.sec.gov/Archives/edgar/data/1889123/000121390024063749/0001213900-24-063749-index.htm
BTC,Franklin Templeton Digital Holdings Trust  (EZBC)  (CIK 0001992870),0001992870,424B3,2024-07-12T00:00:00Z,0001680359-24-000184,,,,,https://www.sec.gov/Archives/edgar/data/1992870/000168035924000184/0001680359-24-000184-index.htm
BTC,"Semler Scientific, Inc.  (SMLR)  (CIK 0001554859)",0001554859,8-K,2024-06-06T00:00:00Z,0001104659-24-069125,,,,,https://www.sec.gov/Archives/edgar/data/1554859/000110465924069125/0001104659-24-069125-index.htm
BTC,World Funds Trust  (CIK 0001396092),0001396092,497,2024-05-02T00:00:00Z,0001999371-24-005587,,,,,https://www.sec.gov/Archives/edgar/data/1396092/000199937124005587/0001999371-24-005587-index.htm
TON,"CF Industries Holdings, Inc.  (CF)  (CIK 0001324404)",0001324404,8-K,2024-05-01T00:00:00Z,0001324404-24-000012,,,,,https://www.sec.gov/Archives/edgar/data/1324404/000132440424000012/0001324404-24-000012-index.htm
BTC,Grayscale Bitcoin Trust (BTC)  (GBTC)  (CIK 0001588489),0001588489,FWP,2024-04-18T00:00:00Z,0000950170-24-045531,,,,,https://www.sec.gov/Archives/edgar/data/1588489/000095017024045531/0000950170-24-045531-index.htm
BTC,Volatility Shares Trust  (CIK 0001884021),0001884021,497K,2024-04-08T00:00:00Z,0001999371-24-004534,,,,,https://www.sec.gov/Archives/edgar/data/1884021/000199937124004534/0001999371-24-004534-index.htm
BTC,Tidal Trust II  (CIK 0001924868),0001924868,CORRESP,2024-04-08T00:00:00Z,0001999371-24-004579,,,,,https://www.sec.gov/Archives/edgar/data/1924868/000199937124004579/0001999371-24-004579-index.htm
BTC,Bitwise Bitcoin ETF  (BITB)  (CIK 0001763415),0001763415,10-K,2024-03-27T00:00:00Z,0000950170-24-037294,,,,,https://www.sec.gov/Archives/edgar/data/1763415/000095017024037294/0000950170-24-037294-index.htm
BTC,Fidelity Wise Origin Bitcoin Fund  (FBTC)  (CIK 0001852317),0001852317,10-K,2024-03-21T00:00:00Z,0000950170-24-034695,,,,,https://www.sec.gov/Archives/edgar/data/1852317/000095017024034695/0000950170-24-034695-index.htm
TON,"CF Industries Holdings, Inc.  (CF)  (CIK 0001324404)",0001324404,8-K/A,2024-02-15T00:00:00Z,0001324404-24-000005,,,,,https://www.sec.gov/Archives/edgar/data/1324404/000132440424000005/0001324404-24-000005-index.htm
TON,"HECLA MINING CO/DE/  (HL, HL-PB)  (CIK 0000719413)",0000719413,8-K,2024-02-14T00:00:00Z,0001193125-24-035267,,,,,https://www.sec.gov/Archives/edgar/data/719413/000119312524035267/0001193125-24-035267-index.htm
TON,"CF Industries Holdings, Inc.  (CF)  (CIK 0001324404)",0001324404,8-K,2024-02-14T00:00:00Z,0001324404-24-000003,,,,,https://www.sec.gov/Archives/edgar/data/1324404/000132440424000003/0001324404-24-000003-index.htm
BTC,Valkyrie ETF Trust II  (CIK 0001877493),0001877493,CORRESP,2024-02-07T00:00:00Z,0001999371-24-001609,,,,,https://www.sec.gov/Archives/edgar/data/1877493/000199937124001609/0001999371-24-001609-index.htm
BTC,Grayscale Bitcoin Trust (BTC)  (GBTC)  (CIK 0001588489),0001588489,FWP,2024-02-01T00:00:00Z,0000950170-24-009836,,,,,https://www.sec.gov/Archives/edgar/data/1588489/000095017024009836/0000950170-24-009836-index.htm
BTC,Tidal Commodities Trust I  (DEFI)  (CIK 0001985840),0001985840,S-1/A,2024-01-26T00:00:00Z,0001999371-24-000875,,,,,https://www.sec.gov/Archives/edgar/data/1985840/000199937124000875/0001999371-24-000875-index.htm
BTC,Invesco Galaxy Bitcoin ETF  (BTCO)  (CIK 0001855781),0001855781,424B3,2024-01-11T00:00:00Z,0001193125-24-006062,,,,,https://www.sec.gov/Archives/edgar/data/1855781/000119312524006062/0001193125-24-006062-index.htm
BTC,WisdomTree Bitcoin Fund  (BTCW)  (CIK 0001850391),0001850391,FWP,2024-01-11T00:00:00Z,0001214659-24-000631,,,,,https://www.sec.gov/Archives/edgar/data/1850391/000121465924000631/0001214659-24-000631-index.htm
BTC,VanEck Bitcoin Trust  (HODL)  (CIK 0001838028),0001838028,424B3,2024-01-10T00:00:00Z,0000930413-24-000073,,,,,https://www.sec.gov/Archives/edgar/data/1838028/000093041324000073/0000930413-24-000073-index.htm
BTC,Ark 21Shares Bitcoin ETF  (ARKB)  (CIK 0001869699),0001869699,S-1/A,2024-01-10T00:00:00Z,0001193125-24-005412,,,,,https://www.sec.gov/Archives/edgar/data/1869699/000119312524005412/0001193125-24-005412-index.htm
BTC,Franklin Templeton Digital Holdings Trust  (EZBC)  (CIK 0001992870),0001992870,S-1/A,2024-01-09T00:00:00Z,0001137439-24-000058,,,,,https://www.sec.gov/Archives/edgar/data/1992870/000113743924000058/0001137439-24-000058-index.htm
BTC,VanEck Bitcoin Trust  (HODL)  (CIK 0001838028),0001838028,CORRESP,2024-01-08T00:00:00Z,0000930413-24-000043,,,,,https://www.sec.gov/Archives/edgar/data/1838028/000093041324000043/0000930413-24-000043-index.htm
BTC,Ark 21Shares Bitcoin ETF  (ARKB)  (CIK 0001869699),0001869699,CORRESP,2024-01-08T00:00:00Z,0001193125-24-003817,,,,,https://www.sec.gov/Archives/edgar/data/1869699/000119312524003817/0001193125-24-003817-index.htm
BTC,wShares Bitcoin Fund  (CIK 0001811978),0001811978,S-1/A,2024-01-04T00:00:00Z,0000919574-24-000073,,,,,https://www.sec.gov/Archives/edgar/data/1811978/000091957424000073/0000919574-24-000073-index.htm
BTC,Bitwise Bitcoin ETF  (BITB)  (CIK 0001763415),0001763415,CORRESP,2023-12-29T00:00:00Z,0001999371-23-001326,,,,,https://www.sec.gov/Archives/edgar/data/1763415/000199937123001326/0001999371-23-001326-index.htm
BTC,iShares Bitcoin Trust  (IBIT)  (CIK 0001980994),0001980994,S-1/A,2023-12-29T00:00:00Z,0001437749-23-035559,,,,,https://www.sec.gov/Archives/edgar/data/1980994/000143774923035559/0001437749-23-035559-index.htm
BTC,Tidal Commodities Trust I  (DEFI)  (CIK 0001985840),0001985840,S-1,2023-12-22T00:00:00Z,0001999371-23-001192,,,,,https://www.sec.gov/Archives/edgar/data/1985840/000199937123001192/0001999371-23-001192-index.htm
BTC,ONEFUND Trust  (CIK 0001345125),0001345125,497K,2023-12-22T00:00:00Z,0001133228-23-006513,,,,,https://www.sec.gov/Archives/edgar/data/1345125/000113322823006513/0001133228-23-006513-index.htm
BTC,VanEck Bitcoin Trust  (HODL)  (CIK 0001838028),0001838028,UPLOAD,2023-12-20T00:00:00Z,0000000000-23-013913,,,,,https://www.sec.gov/Archives/edgar/data/1838028/000000000023013913/0000000000-23-013913-index.htm
BTC,WisdomTree Bitcoin Fund  (BTCW)  (CIK 0001850391),0001850391,S-1/A,2023-12-18T00:00:00Z,0001214659-23-016547,,,,,https://www.sec.gov/Archives/edgar/data/1850391/000121465923016547/0001214659-23-016547-index.htm
BTC,Tidal Commodities Trust I  (DEFI)  (CIK 0001985840),0001985840,S-1,2023-12-18T00:00:00Z,0001839882-23-034059,,,,,https://www.sec.gov/Archives/edgar/data/1985840/000183988223034059/0001839882-23-034059-index.htm
BTC,VanEck Bitcoin Trust  (HODL)  (CIK 0001838028),0001838028,S-1/A,2023-12-08T00:00:00Z,0000930413-23-002543,,,,,https://www.sec.gov/Archives/edgar/data/1838028/000093041323002543/0000930413-23-002543-index.htm
BTC,Pando Asset Spot Bitcoin Trust  (CIK 0002001771),0002001771,S-1/A,2023-12-07T00:00:00Z,0001829126-23-007903,,,,,https://www.sec.gov/Archives/edgar/data/2001771/000182912623007903/0001829126-23-007903-index.htm
BTC,WisdomTree Bitcoin Trust  (BTCW)  (CIK 0001850391),0001850391,S-1/A,2023-11-16T00:00:00Z,0001214659-23-015256,,,,,https://www.sec.gov/Archives/edgar/data/1850391/000121465923015256/0001214659-23-015256-index.htm
BTC,Global X Bitcoin Trust  (CIK 0001874070),0001874070,S-1/A,2023-11-14T00:00:00Z,0000930413-23-002454,,,,,https://www.sec.gov/Archives/edgar/data/1874070/000093041323002454/0000930413-23-002454-index.htm
BTC,EA Series Trust  (CIK 0001592900),0001592900,497K,2023-11-03T00:00:00Z,0001829126-23-007104,,,,,https://www.sec.gov/Archives/edgar/data/1592900/000182912623007104/0001829126-23-007104-index.htm
BTC,Grayscale Bitcoin Trust (BTC)  (GBTC)  (CIK 0001588489),0001588489,FWP,2023-10-20T00:00:00Z,0000950170-23-054384,,,,,https://www.sec.gov/Archives/edgar/data/1588489/000095017023054384/0000950170-23-054384-index.htm
BTC,Grayscale Bitcoin Trust (BTC)  (GBTC)  (CIK 0001588489),0001588489,FWP,2023-10-19T00:00:00Z,0000950170-23-054208,,,,,https://www.sec.gov/Archives/edgar/data/1588489/000095017023054208/0000950170-23-054208-index.htm
BTC,PROSHARES TRUST  (CIK 0001174610),0001174610,497K,2023-09-28T00:00:00Z,0001683863-23-006614,,,,,https://www.sec.gov/Archives/edgar/data/1174610/000168386323006614/0001683863-23-006614-index.htm
BTC,PROSHARES TRUST  (CIK 0001174610),0001174610,CORRESP,2023-09-25T00:00:00Z,0001683863-23-006331,,,,,https://www.sec.gov/Archives/edgar/data/1174610/000168386323006331/0001683863-23-006331-index.htm
BTC,Ark 21Shares Bitcoin ETF  (ARKB)  (CIK 0001869699),0001869699,S-1/A,2023-09-07T00:00:00Z,0001193125-23-230750,,,,,https://www.sec.gov/Archives/edgar/data/1869699/000119312523230750/0001193125-23-230750-index.htm
TON,CONSOL Energy Inc.  (CEIX)  (CIK 0001710366),0001710366,8-K,2023-08-08T00:00:00Z,0001710366-23-000016,,,,,https://www.sec.gov/Archives/edgar/data/1710366/000171036623000016/0001710366-23-000016-index.htm
TON,"Ramaco Resources, Inc.  (METC, METCB, METCL)  (CIK 0001687187)",0001687187,8-K,2023-08-08T00:00:00Z,0001558370-23-013974,,,,,https://www.sec.gov/Archives/edgar/data/1687187/000155837023013974/0001558370-23-013974-index.htm
TON,"Alpha Metallurgical Resources, Inc.  (AMR)  (CIK 0001704715)",0001704715,8-K,2023-08-04T00:00:00Z,0001704715-23-000048,,,,,https://www.sec.gov/Archives/edgar/data/1704715/000170471523000048/0001704715-23-000048-index.htm
TON,"CF Industries Holdings, Inc.  (CF)  (CIK 0001324404)",0001324404,8-K,2023-08-02T00:00:00Z,0001324404-23-000017,,,,,https://www.sec.gov/Archives/edgar/data/1324404/000132440423000017/0001324404-23-000017-index.htm
BTC,wShares Bitcoin Fund  (CIK 0001811978),0001811978,S-1/A,2023-05-08T00:00:00Z,0000919574-23-002845,,,,,https://www.sec.gov/Archives/edgar/data/1811978/000091957423002845/0000919574-23-002845-index.htm
TON,CONSOL Energy Inc.  (CEIX)  (CIK 0001710366),0001710366,8-K,2023-05-02T00:00:00Z,0001710366-23-000010,,,,,https://www.sec.gov/Archives/edgar/data/1710366/000171036623000010/0001710366-23-000010-index.htm
TON,"CF Industries Holdings, Inc.  (CF)  (CIK 0001324404)",0001324404,8-K,2023-05-01T00:00:00Z,0001324404-23-000010,,,,,https://www.sec.gov/Archives/edgar/data/1324404/000132440423000010/0001324404-23-000010-index.htm
BTC,Bitwise Funds Trust  (CIK 0001928561),0001928561,497K,2023-03-21T00:00:00Z,0001387131-23-003695,,,,,https://www.sec.gov/Archives/edgar/data/1928561/000138713123003695/0001387131-23-003695-index.htm
TON,"Ramaco Resources, Inc.  (METC, METCB, METCL)  (CIK 0001687187)",0001687187,8-K,2023-03-08T00:00:00Z,0001558370-23-003160,,,,,https://www.sec.gov/Archives/edgar/data/1687187/000155837023003160/0001558370-23-003160-index.htm
BTC,wShares Bitcoin Fund  (CIK 0001811978),0001811978,S-1/A,2023-01-20T00:00:00Z,0000919574-23-000394,,,,,https://www.sec.gov/Archives/edgar/data/1811978/000091957423000394/0000919574-23-000394-index.htm
BTC,HIVE Blockchain Technologies Ltd.  (HIVE)  (CIK 0001720424),0001720424,6-K,2023-01-11T00:00:00Z,0001062993-23-000806,,,,,https://www.sec.gov/Archives/edgar/data/1720424/000106299323000806/0001062993-23-000806-index.htm
TON,PEABODY ENERGY CORP  (BTU)  (CIK 0001064728),0001064728,8-K,2022-11-17T00:00:00Z,0001064728-22-000069,,,,,https://www.sec.gov/Archives/edgar/data/1064728/000106472822000069/0001064728-22-000069-index.htm
BTC,Osprey Bitcoin Trust  (OBTC)  (CIK 0001767057),0001767057,10-Q,2022-11-09T00:00:00Z,0000930413-22-001932,,,,,https://www.sec.gov/Archives/edgar/data/1767057/000093041322001932/0000930413-22-001932-index.htm
TON,"Alpha Metallurgical Resources, Inc.  (AMR)  (CIK 0001704715)",0001704715,8-K,2022-11-07T00:00:00Z,0001704715-22-000051,,,,,https://www.sec.gov/Archives/edgar/data/1704715/000170471522000051/0001704715-22-000051-index.htm
BTC,AdvisorShares Trust  (CIK 0001408970),0001408970,497K,2022-11-01T00:00:00Z,0001829126-22-018525,,,,,https://www.sec.gov/Archives/edgar/data/1408970/000182912622018525/0001829126-22-018525-index.htm
BTC,Osprey Bitcoin Trust  (OBTC)  (CIK 0001767057),0001767057,10-Q,2022-08-11T00:00:00Z,0000930413-22-001454,,,,,https://www.sec.gov/Archives/edgar/data/1767057/000093041322001454/0000930413-22-001454-index.htm
TON,"Ramaco Resources, Inc.  (METC, METCB, METCL)  (CIK 0001687187)",0001687187,8-K,2022-08-08T00:00:00Z,0001558370-22-012631,,,,,https://www.sec.gov/Archives/edgar/data/1687187/000155837022012631/0001558370-22-012631-index.htm
BTC,wShares Bitcoin Fund  (CIK 0001811978),0001811978,S-1/A,2022-07-19T00:00:00Z,0000919574-22-004278,,,,,https://www.sec.gov/Archives/edgar/data/1811978/000091957422004278/0000919574-22-004278-index.htm
BTC,PROSHARES TRUST  (CIK 0001174610),0001174610,CORRESP,2022-06-15T00:00:00Z,0001683863-22-005015,,,,,https://www.sec.gov/Archives/edgar/data/1174610/000168386322005015/0001683863-22-005015-index.htm
TON,PEABODY ENERGY CORP  (BTU)  (CIK 0001064728),0001064728,8-K,2022-05-12T00:00:00Z,0001064728-22-000047,,,,,https://www.sec.gov/Archives/edgar/data/1064728/000106472822000047/0001064728-22-000047-index.htm
TON,PEABODY ENERGY CORP  (BTU)  (CIK 0001064728),0001064728,8-K,2022-04-28T00:00:00Z,0001064728-22-000036,,,,,https://www.sec.gov/Archives/edgar/data/1064728/000106472822000036/0001064728-22-000036-index.htm
BTC,VanEck ETF Trust  (CIK 0001137360),0001137360,497K,2022-04-27T00:00:00Z,0001137360-22-000368,,,,,https://www.sec.gov/Archives/edgar/data/1137360/000113736022000368/0001137360-22-000368-index.htm
TON,PEABODY ENERGY CORP  (BTU)  (CIK 0001064728),0001064728,8-K,2022-02-28T00:00:00Z,0001064728-22-000015,,,,,https://www.sec.gov/Archives/edgar/data/1064728/000106472822000015/0001064728-22-000015-index.htm
TON,"Ramaco Resources, Inc.  (METC, METCB, METCL)  (CIK 0001687187)",0001687187,8-K,2022-02-24T00:00:00Z,0001558370-22-001826,,,,,https://www.sec.gov/Archives/edgar/data/1687187/000155837022001826/0001558370-22-001826-index.htm
TON,"HECLA MINING CO/DE/  (HL, HL-PB)  (CIK 0000719413)",0000719413,8-K,2022-02-17T00:00:00Z,0001437749-22-003598,,,,,https://www.sec.gov/Archives/edgar/data/719413/000143774922003598/0001437749-22-003598-index.htm
BTC,wShares Bitcoin Fund  (CIK 0001811978),0001811978,S-1/A,2022-02-15T00:00:00Z,0000919574-22-001660,,,,,https://www.sec.gov/Archives/edgar/data/1811978/000091957422001660/0000919574-22-001660-index.htm
BTC,Valkyrie ETF Trust II  (CIK 0001877493),0001877493,497K,2022-02-08T00:00:00Z,0001387131-22-001395,,,,,https://www.sec.gov/Archives/edgar/data/1877493/000138713122001395/0001387131-22-001395-index.htm
BTC,Osprey Bitcoin Trust  (OBTC)  (CIK 0001767057),0001767057,10-12G/A,2022-01-26T00:00:00Z,0000930413-22-000100,,,,,https://www.sec.gov/Archives/edgar/data/1767057/000093041322000100/0000930413-22-000100-index.htm
BTC,Valkyrie ETF Trust II  (CIK 0001877493),0001877493,497K,2021-12-15T00:00:00Z,0001387131-21-012041,,,,,https://www.sec.gov/Archives/edgar/data/1877493/000138713121012041/0001387131-21-012041-index.htm
TON,"CF Industries Holdings, Inc.  (CF)  (CIK 0001324404)",0001324404,8-K,2021-11-04T00:00:00Z,0001324404-21-000030,,,,,https://www.sec.gov/Archives/edgar/data/1324404/000132440421000030/0001324404-21-000030-index.htm
BTC,World Funds Trust  (CIK 0001396092),0001396092,497K,2021-08-17T00:00:00Z,0001387131-21-008674,,,,,https://www.sec.gov/Archives/edgar/data/1396092/000138713121008674/0001387131-21-008674-index.htm
TON,CONSOL Energy Inc.  (CEIX)  (CIK 0001710366),0001710366,8-K,2021-08-03T00:00:00Z,0001437749-21-018213,,,,,https://www.sec.gov/Archives/edgar/data/1710366/000143774921018213/0001437749-21-018213-index.htm
BTC,STONE RIDGE TRUST  (CIK 0001559992),0001559992,485BPOS,2021-07-23T00:00:00Z,0001193125-21-222638,,,,,https://www.sec.gov/Archives/edgar/data/1559992/000119312521222638/0001193125-21-222638-index.htm
BTC,World Funds Trust  (CIK 0001396092),0001396092,CORRESP,2021-07-16T00:00:00Z,0001387131-21-007404,,,,,https://www.sec.gov/Archives/edgar/data/1396092/000138713121007404/0001387131-21-007404-index.htm
TON,"HECLA MINING CO/DE/  (HL, HL-PB)  (CIK 0000719413)",0000719413,8-K,2021-05-18T00:00:00Z,0001437749-21-012582,,,,,https://www.sec.gov/Archives/edgar/data/719413/000143774921012582/0001437749-21-012582-index.htm
BTC,Kryptoin Bitcoin ETF Trust  (CIK 0001790727),0001790727,S-1/A,2021-04-09T00:00:00Z,0001193125-21-111553,,,,,https://www.sec.gov/Archives/edgar/data/1790727/000119312521111553/0001193125-21-111553-index.htm
BTC,WisdomTree Bitcoin Trust  (BTCW)  (CIK 0001850391),0001850391,S-1,2021-03-11T00:00:00Z,0001193125-21-077493,,,,,https://www.sec.gov/Archives/edgar/data/1850391/000119312521077493/0001193125-21-077493-index.htm
TON,"CF Industries Holdings, Inc.  (CF)  (CIK 0001324404)",0001324404,8-K,2021-02-17T00:00:00Z,0001324404-21-000004,,,,,https://www.sec.gov/Archives/edgar/data/1324404/000132440421000004/0001324404-21-000004-index.htm
TON,CONSOL Coal Resources LP  (CIK 0001637558),0001637558,8-K,2020-11-05T00:00:00Z,0001193125-20-286167,,,,,https://www.sec.gov/Archives/edgar/data/1637558/000119312520286167/0001193125-20-286167-index.htm
TON,"Ramaco Resources, Inc.  (METC, METCB, METCL)  (CIK 0001687187)",0001687187,8-K,2020-11-03T00:00:00Z,0001558370-20-012401,,,,,https://www.sec.gov/Archives/edgar/data/1687187/000155837020012401/0001558370-20-012401-index.htm
TON,"Contura Energy, Inc.  (AMR)  (CIK 0001704715)",0001704715,8-K,2020-08-07T00:00:00Z,0001704715-20-000037,,,,,https://www.sec.gov/Archives/edgar/data/1704715/000170471520000037/0001704715-20-000037-index.htm
TON,"CF Industries Holdings, Inc.  (CF)  (CIK 0001324404)",0001324404,8-K,2020-08-05T00:00:00Z,0001324404-20-000017,,,,,https://www.sec.gov/Archives/edgar/data/1324404/000132440420000017/0001324404-20-000017-index.htm
TON,"CF Industries Holdings, Inc.  (CF)  (CIK 0001324404)",0001324404,8-K,2020-05-06T00:00:00Z,0001324404-20-000010,,,,,https://www.sec.gov/Archives/edgar/data/1324404/000132440420000010/0001324404-20-000010-index.htm
TON,"Contura Energy, Inc.  (AMR)  (CIK 0001704715)",0001704715,8-K,2020-03-18T00:00:00Z,0001704715-20-000009,,,,,https://www.sec.gov/Archives/edgar/data/1704715/000170471520000009/0001704715-20-000009-index.htm
TON,"Ramaco Resources, Inc.  (METC, METCB, METCL)  (CIK 0001687187)",0001687187,8-K,2020-02-20T00:00:00Z,0001558370-20-001078,,,,,https://www.sec.gov/Archives/edgar/data/1687187/000155837020001078/0001558370-20-001078-index.htm
TON,"CF Industries Holdings, Inc.  (CF)  (CIK 0001324404)",0001324404,8-K,2020-02-12T00:00:00Z,0001324404-20-000002,,,,,https://www.sec.gov/Archives/edgar/data/1324404/000132440420000002/0001324404-20-000002-index.htm
TON,"Contura Energy, Inc.  (AMR)  (CIK 0001704715)",0001704715,8-K,2020-02-10T00:00:00Z,0001704715-20-000003,,,,,https://www.sec.gov/Archives/edgar/data/1704715/000170471520000003/0001704715-20-000003-index.htm
TON,"HECLA MINING CO/DE/  (HL, HL-PB)  (CIK 0000719413)",0000719413,8-K,2020-02-05T00:00:00Z,0001437749-20-001730,,,,,https://www.sec.gov/Archives/edgar/data/719413/000143774920001730/0001437749-20-001730-index.htm
TON,"Contura Energy, Inc.  (AMR)  (CIK 0001704715)",0001704715,8-K,2019-11-14T00:00:00Z,0001704715-19-000057,,,,,https://www.sec.gov/Archives/edgar/data/1704715/000170471519000057/0001704715-19-000057-index.htm
TON,"Ramaco Resources, Inc.  (METC, METCB, METCL)  (CIK 0001687187)",0001687187,8-K,2019-11-05T00:00:00Z,0001558370-19-009967,,,,,https://www.sec.gov/Archives/edgar/data/1687187/000155837019009967/0001558370-19-009967-index.htm
TON,"CF Industries Holdings, Inc.  (CF)  (CIK 0001324404)",0001324404,8-K,2019-10-30T00:00:00Z,0001324404-19-000021,,,,,https://www.sec.gov/Archives/edgar/data/1324404/000132440419000021/0001324404-19-000021-index.htm
BTC,Kryptoin Bitcoin ETF Trust  (CIK 0001790727),0001790727,S-1/A,2019-10-28T00:00:00Z,0001193125-19-276372,,,,,https://www.sec.gov/Archives/edgar/data/1790727/000119312519276372/0001193125-19-276372-index.htm
BTC,United States Bitcoin & Treasury Investment Trust  (CIK 0001750145),0001750145,S-1/A,2019-10-08T00:00:00Z,0000919574-19-006296,,,,,https://www.sec.gov/Archives/edgar/data/1750145/000091957419006296/0000919574-19-006296-index.htm
TON,"CF Industries Holdings, Inc.  (CF)  (CIK 0001324404)",0001324404,8-K,2019-07-31T00:00:00Z,0001324404-19-000016,,,,,https://www.sec.gov/Archives/edgar/data/1324404/000132440419000016/0001324404-19-000016-index.htm
TON,"Ramaco Resources, Inc.  (METC, METCB, METCL)  (CIK 0001687187)",0001687187,8-K,2019-05-07T00:00:00Z,0001437749-19-009018,,,,,https://www.sec.gov/Archives/edgar/data/1687187/000143774919009018/0001437749-19-009018-index.htm
TON,"CF Industries Holdings, Inc.  (CF)  (CIK 0001324404)",0001324404,8-K,2019-05-01T00:00:00Z,0001324404-19-000009,,,,,https://www.sec.gov/Archives/edgar/data/1324404/000132440419000009/0001324404-19-000009-index.htm
BTC,BITWISE BITCOIN ETF TRUST  (BITB)  (CIK 0001763415),0001763415,S-1/A,2019-04-16T00:00:00Z,0001493152-19-005505,,,,,https://www.sec.gov/Archives/edgar/data/1763415/000149315219005505/0001493152-19-005505-index.htm
TON,"CF Industries Holdings, Inc.  (CF)  (CIK 0001324404)",0001324404,8-K,2019-02-13T00:00:00Z,0001324404-19-000003,,,,,https://www.sec.gov/Archives/edgar/data/1324404/000132440419000003/0001324404-19-000003-index.htm
BTC,United States Bitcoin & Treasury Investment Trust  (CIK 0001750145),0001750145,S-1/A,2019-01-31T00:00:00Z,0000919574-19-000705,,,,,https://www.sec.gov/Archives/edgar/data/1750145/000091957419000705/0000919574-19-000705-index.htm
BTC,Bitcoin Investment Trust  (GBTC)  (CIK 0001588489),0001588489,DRSLTR,2018-12-06T00:00:00Z,0000950123-18-012268,,,,,https://www.sec.gov/Archives/edgar/data/1588489/000095012318012268/0000950123-18-012268-index.htm
TON,"CF Industries Holdings, Inc.  (CF)  (CIK 0001324404)",0001324404,8-K,2018-10-31T00:00:00Z,0001324404-18-000024,,,,,https://www.sec.gov/Archives/edgar/data/1324404/000132440418000024/0001324404-18-000024-index.htm
TON,"HECLA MINING CO/DE/  (HL, HL-PB)  (CIK 0000719413)",0000719413,8-K,2018-08-07T00:00:00Z,0001437749-18-014637,,,,,https://www.sec.gov/Archives/edgar/data/719413/000143774918014637/0001437749-18-014637-index.htm
TON,"CF Industries Holdings, Inc.  (CF)  (CIK 0001324404)",0001324404,8-K,2018-08-01T00:00:00Z,0001324404-18-000017,,,,,https://www.sec.gov/Archives/edgar/data/1324404/000132440418000017/0001324404-18-000017-index.htm
TON,"Ramaco Resources, Inc.  (METC, METCB, METCL)  (CIK 0001687187)",0001687187,CORRESP,2018-06-08T00:00:00Z,0001437749-18-011489,,,,,https://www.sec.gov/Archives/edgar/data/1687187/000143774918011489/0001437749-18-011489-index.htm
BTC,VanEck SolidX Bitcoin Trust  (CIK 0001668039),0001668039,S-1/A,2018-06-06T00:00:00Z,0001104659-18-038369,,,,,https://www.sec.gov/Archives/edgar/data/1668039/000110465918038369/0001104659-18-038369-index.htm
TON,Rhino Resource Partners LP  (CIK 0001490630),0001490630,8-K,2017-11-08T00:00:00Z,0001493152-17-012568,,,,,https://www.sec.gov/Archives/edgar/data/1490630/000149315217012568/0001493152-17-012568-index.htm
TON,"CF Industries Holdings, Inc.  (CF)  (CIK 0001324404)",0001324404,8-K,2017-11-01T00:00:00Z,0001324404-17-000023,,,,,https://www.sec.gov/Archives/edgar/data/1324404/000132440417000023/0001324404-17-000023-index.htm
TON,"CF Industries Holdings, Inc.  (CF)  (CIK 0001324404)",0001324404,8-K,2017-02-15T00:00:00Z,0001324404-17-000004,,,,,https://www.sec.gov/Archives/edgar/data/1324404/000132440417000004/0001324404-17-000004-index.htm
BTC,WINKLEVOSS BITCOIN TRUST  (CIK 0001579346),0001579346,S-1/A,2016-12-07T00:00:00Z,0001193125-16-786685,,,,,https://www.sec.gov/Archives/edgar/data/1579346/000119312516786685/0001193125-16-786685-index.htm
BTC,WINKLEVOSS BITCOIN TRUST  (CIK 0001579346),0001579346,S-1/A,2016-06-29T00:00:00Z,0001193125-16-636535,,,,,https://www.sec.gov/Archives/edgar/data/1579346/000119312516636535/0001193125-16-636535-index.htm
TON,"Intrepid Potash, Inc.  (IPI)  (CIK 0001421461)",0001421461,8-K,2016-02-29T00:00:00Z,0001421461-16-000029,,,,,https://www.sec.gov/Archives/edgar/data/1421461/000142146116000029/0001421461-16-000029-index.htm
TON,BON TON STORES INC  (CIK 0000878079),0000878079,8-K,2016-01-19T00:00:00Z,0001104659-16-090308,,,,,https://www.sec.gov/Archives/edgar/data/878079/000110465916090308/0001104659-16-090308-index.htm
TON,"CF Industries Holdings, Inc.  (CF)  (CIK 0001324404)",0001324404,425,2015-11-05T00:00:00Z,0001104659-15-075851,,,,,https://www.sec.gov/Archives/edgar/data/1324404/000110465915075851/0001104659-15-075851-index.htm
TON,"CF Industries Holdings, Inc.  (CF)  (CIK 0001324404)",0001324404,8-K,2015-08-06T00:00:00Z,0001104659-15-056609,,,,,https://www.sec.gov/Archives/edgar/data/1324404/000110465915056609/0001104659-15-056609-index.htm
TON,ARCH COAL INC  (ARCH)  (CIK 0001037676),0001037676,8-K,2015-07-30T00:00:00Z,0001104659-15-054657,,,,,https://www.sec.gov/Archives/edgar/data/1037676/000110465915054657/0001104659-15-054657-index.htm
TON,Clearwater Paper Corp  (CLW)  (CIK 0001441236),0001441236,8-K,2015-07-30T00:00:00Z,0001157523-15-002643,,,,,https://www.sec.gov/Archives/edgar/data/1441236/000115752315002643/0001157523-15-002643-index.htm
TON,"CF Industries Holdings, Inc.  (CF)  (CIK 0001324404)",0001324404,8-K,2015-05-07T00:00:00Z,0001104659-15-034981,,,,,https://www.sec.gov/Archives/edgar/data/1324404/000110465915034981/0001104659-15-034981-index.htm
TON,"Alpha Natural Resources, Inc.  (CIK 0001301063)",0001301063,8-K,2015-04-30T00:00:00Z,0001301063-15-000027,,,,,https://www.sec.gov/Archives/edgar/data/1301063/000130106315000027/0001301063-15-000027-index.htm
TON,ARCH COAL INC  (ARCH)  (CIK 0001037676),0001037676,8-K,2015-04-21T00:00:00Z,0001104659-15-028900,,,,,https://www.sec.gov/Archives/edgar/data/1037676/000110465915028900/0001104659-15-028900-index.htm
TON,"Intrepid Potash, Inc.  (IPI)  (CIK 0001421461)",0001421461,8-K,2015-02-18T00:00:00Z,0001421461-15-000004,,,,,https://www.sec.gov/Archives/edgar/data/1421461/000142146115000004/0001421461-15-000004-index.htm
TON,"Alpha Natural Resources, Inc.  (CIK 0001301063)",0001301063,8-K,2015-02-12T00:00:00Z,0001301063-15-000010,,,,,https://www.sec.gov/Archives/edgar/data/1301063/000130106315000010/0001301063-15-000010-index.htm
TON,HERTZ GLOBAL HOLDINGS INC  (HRI)  (CIK 0001364479),0001364479,8-K,2014-12-19T00:00:00Z,0001104659-14-087954,,,,,https://www.sec.gov/Archives/edgar/data/1364479/000110465914087954/0001104659-14-087954-index.htm
TON,"CF Industries Holdings, Inc.  (CF)  (CIK 0001324404)",0001324404,8-K,2014-11-06T00:00:00Z,0001104659-14-077238,,,,,https://www.sec.gov/Archives/edgar/data/1324404/000110465914077238/0001104659-14-077238-index.htm
TON,ARCH COAL INC  (ARCH)  (CIK 0001037676),0001037676,8-K,2014-10-28T00:00:00Z,0001104659-14-074171,,,,,https://www.sec.gov/Archives/edgar/data/1037676/000110465914074171/0001104659-14-074171-index.htm
TON,"Intrepid Potash, Inc.  (IPI)  (CIK 0001421461)",0001421461,8-K,2014-04-30T00:00:00Z,0001421461-14-000009,,,,,https://www.sec.gov/Archives/edgar/data/1421461/000142146114000009/0001421461-14-000009-index.htm
TON,CLIFFS NATURAL RESOURCES INC.  (CLF)  (CIK 0000764065),0000764065,8-K,2014-04-24T00:00:00Z,0000764065-14-000042,,,,,https://www.sec.gov/Archives/edgar/data/764065/000076406514000042/0000764065-14-000042-index.htm
TON,Rhino Resource Partners LP  (CIK 0001490630),0001490630,8-K,2014-02-27T00:00:00Z,0001171843-14-000990,,,,,https://www.sec.gov/Archives/edgar/data/1490630/000117184314000990/0001171843-14-000990-index.htm
TON,CLIFFS NATURAL RESOURCES INC.  (CLF)  (CIK 0000764065),0000764065,8-K,2013-10-24T00:00:00Z,0000764065-13-000025,,,,,https://www.sec.gov/Archives/edgar/data/764065/000076406513000025/0000764065-13-000025-index.htm
TON,"Alpha Natural Resources, Inc.  (CIK 0001301063)",0001301063,8-K,2013-08-02T00:00:00Z,0001301063-13-000039,,,,,https://www.sec.gov/Archives/edgar/data/1301063/000130106313000039/0001301063-13-000039-index.htm
TON,ARCH COAL INC  (ARCH)  (CIK 0001037676),0001037676,8-K,2013-07-30T00:00:00Z,0001104659-13-057567,,,,,https://www.sec.gov/Archives/edgar/data/1037676/000110465913057567/0001104659-13-057567-index.htm
TON,CLIFFS NATURAL RESOURCES INC.  (CLF)  (CIK 0000764065),0000764065,8-K,2013-07-25T00:00:00Z,0000764065-13-000019,,,,,https://www.sec.gov/Archives/edgar/data/764065/000076406513000019/0000764065-13-000019-index.htm
TON,"SunCoke Energy Partners, L.P.  (CIK 0001555538)",0001555538,8-K,2013-03-11T00:00:00Z,0001193125-13-099899,,,,,https://www.sec.gov/Archives/edgar/data/1555538/000119312513099899/0001193125-13-099899-index.htm
TON,BON TON STORES INC  (CIK 0000878079),0000878079,8-K,2013-02-05T00:00:00Z,0001104659-13-007581,,,,,https://www.sec.gov/Archives/edgar/data/878079/000110465913007581/0001104659-13-007581-index.htm
TON,ARCH COAL INC  (ARCH)  (CIK 0001037676),0001037676,8-K,2013-02-05T00:00:00Z,0001104659-13-007331,,,,,https://www.sec.gov/Archives/edgar/data/1037676/000110465913007331/0001104659-13-007331-index.htm
TON,CLIFFS NATURAL RESOURCES INC.  (CLF)  (CIK 0000764065),0000764065,8-K,2012-07-26T00:00:00Z,0001193125-12-315864,,,,,https://www.sec.gov/Archives/edgar/data/764065/000119312512315864/0001193125-12-315864-index.htm
TON,ARCH COAL INC  (ARCH)  (CIK 0001037676),0001037676,8-K,2012-05-01T00:00:00Z,0001104659-12-030995,,,,,https://www.sec.gov/Archives/edgar/data/1037676/000110465912030995/0001104659-12-030995-index.htm
TON,"Alpha Natural Resources, Inc.  (CIK 0001301063)",0001301063,8-K,2012-02-24T00:00:00Z,0001301063-12-000011,,,,,https://www.sec.gov/Archives/edgar/data/1301063/000130106312000011/0001301063-12-000011-index.htm
TON,CLIFFS NATURAL RESOURCES INC.  (CLF)  (CIK 0000764065),0000764065,8-K,2011-07-28T00:00:00Z,0001193125-11-200727,,,,,https://www.sec.gov/Archives/edgar/data/764065/000119312511200727/0001193125-11-200727-index.htm
TON,Oxford Resource Partners LP  (CIK 0001412347),0001412347,S-1/A,2010-06-25T00:00:00Z,0000950123-10-060864,,,,,https://www.sec.gov/Archives/edgar/data/1412347/000095012310060864/0000950123-10-060864-index.htm
TON,Oxford Resource Partners LP  (CIK 0001412347),0001412347,S-1/A,2010-04-21T00:00:00Z,0000950123-10-036742,,,,,https://www.sec.gov/Archives/edgar/data/1412347/000095012310036742/0000950123-10-036742-index.htm
TON,BON TON STORES INC  (CIK 0000878079),0000878079,10-K,2010-04-16T00:00:00Z,0000950123-10-035503,,,,,https://www.sec.gov/Archives/edgar/data/878079/000095012310035503/0000950123-10-035503-index.htm
TON,ARCH COAL INC  (ARCH)  (CIK 0001037676),0001037676,8-K,2010-01-29T00:00:00Z,0000950123-10-006415,,,,,https://www.sec.gov/Archives/edgar/data/1037676/000095012310006415/0000950123-10-006415-index.htm
TON,ARCH COAL INC  (ARCH)  (CIK 0001037676),0001037676,8-K,2008-02-01T00:00:00Z,0000950124-08-000455,,,,,https://www.sec.gov/Archives/edgar/data/1037676/000095012408000455/0000950124-08-000455-index.htm
TON,"BOISE CASCADE HOLDINGS, L.L.C.  (CIK 0001317436)",0001317436,8-K,2007-05-09T00:00:00Z,0001104659-07-037309,,,,,https://www.sec.gov/Archives/edgar/data/1317436/000110465907037309/0001104659-07-037309-index.htm
TON,BON TON STORES INC  (CIK 0000878079),0000878079,8-K,2006-02-17T00:00:00Z,0000893220-06-000335,,,,,https://www.sec.gov/Archives/edgar/data/878079/000089322006000335/0000893220-06-000335-index.htm
TON,BOISE CASCADE CO  (CIK 0001317436),0001317436,8-K,2005-11-03T00:00:00Z,0001104659-05-052180,,,,,https://www.sec.gov/Archives/edgar/data/1317436/000110465905052180/0001104659-05-052180-index.htm
TON,BON TON STORES INC  (CIK 0000878079),0000878079,8-K,2005-10-31T00:00:00Z,0000893220-05-002443,,,,,https://www.sec.gov/Archives/edgar/data/878079/000089322005002443/0000893220-05-002443-index.htm
TON,BON TON STORES INC  (CIK 0000878079),0000878079,8-K,2005-06-23T00:00:00Z,0000893220-05-001452,,,,,https://www.sec.gov/Archives/edgar/data/878079/000089322005001452/0000893220-05-001452-index.htm
TON,CB BANCSHARES INC/HI  (CIK 0000316312),0000316312,8-K,2003-11-05T00:00:00Z,0000950172-03-003214,,,,,https://www.sec.gov/Archives/edgar/data/316312/000095017203003214/0000950172-03-003214-index.htm
TON,FMC CORP  (FMC)  (CIK 0000037785),0000037785,8-K,2001-03-27T00:00:00Z,0000950131-01-500335,,,,,https://www.sec.gov/Archives/edgar/data/37785/000095013101500335/0000950131-01-500335-index.htm
